id,observed_on_string,observed_on,time_observed_at,time_zone,user_id,user_login,created_at,updated_at,quality_grade,license,url,image_url,sound_url,tag_list,description,num_identification_agreements,num_identification_disagreements,captive_cultivated,oauth_application_id,place_guess,latitude,longitude,positional_accuracy,public_positional_accuracy,geoprivacy,taxon_geoprivacy,coordinates_obscured,positioning_method,positioning_device,species_guess,scientific_name,common_name,iconic_taxon_name,taxon_id,lat,long,observe_timestamp,filename
728683,2014-06-01,2014-06-01,,Paris,7033,sara4,2014-06-10 08:49:39 UTC,2020-08-07 23:27:34 UTC,research,CC-BY-NC,http://www.inaturalist.org/observations/728683,http://static.inaturalist.org/photos/915326/medium.jpg,,,,2,0,False,,"England, GB",51.5794583348,-1.0648940558,,26196,,obscured,True,,,Red Kite,Milvus milvus,Rotmilan,Aves,5267,51.5794583348,-1.0648940558,2014-06-01,photo_0.png
728693,2014-06-01,2014-06-01,,Paris,7033,sara4,2014-06-10 09:24:23 UTC,2020-08-07 04:28:10 UTC,research,CC-BY-NC,http://www.inaturalist.org/observations/728693,http://static.inaturalist.org/photos/915338/medium.jpg,,,another red kite.  ,1,0,False,,"England, GB",51.4962328378,-1.1222557651,,26196,,obscured,True,,,Red Kite,Milvus milvus,Rotmilan,Aves,5267,51.4962328378,-1.1222557651,2014-06-01,photo_1.png
837620,2014-08-17,2014-08-17,,London,7033,sara4,2014-08-19 09:34:27 UTC,2020-08-07 06:16:19 UTC,research,CC-BY-NC,http://www.inaturalist.org/observations/837620,http://static.inaturalist.org/photos/1060606/medium.jpg,,,,1,0,False,,"England, GB",51.7199052764,-0.7028611083,3311.0,26164,,obscured,True,,,Red Kite,Milvus milvus,Rotmilan,Aves,5267,51.7199052764,-0.7028611083,2014-08-17,photo_2.png
837621,2014-08-17,2014-08-17,,London,7033,sara4,2014-08-19 09:36:30 UTC,2020-04-24 20:14:43 UTC,research,CC-BY-NC,http://www.inaturalist.org/observations/837621,http://static.inaturalist.org/photos/1060608/medium.jpg,,,,3,0,False,,"England, GB",51.6681290508,-0.6403686033,,26164,,obscured,True,,,Red Kite,Milvus milvus,Rotmilan,Aves,5267,51.6681290508,-0.6403686033,2014-08-17,photo_3.png
1544323,2013-05-18,2013-05-18,,Europe/London,105387,photodave,2015-05-25 21:55:41 UTC,2020-08-06 17:00:54 UTC,research,CC-BY-NC,http://www.inaturalist.org/observations/1544323,https://inaturalist-open-data.s3.amazonaws.com/photos/1912983/medium.jpg,,,This is a montage of a single Red Kite in flight.,1,0,False,62.0,"Buckinghamshire, England, GB",51.7265099263,-0.6749215682,,26164,,obscured,True,,,Red Kite,Milvus milvus,Rotmilan,Aves,5267,51.7265099263,-0.6749215682,2013-05-18,photo_4.png
2080081,2015-10-03,2015-10-03,,London,7033,sara4,2015-10-06 09:16:07 UTC,2016-06-24 19:38:14 UTC,research,CC-BY-NC,http://www.inaturalist.org/observations/2080081,http://static.inaturalist.org/photos/2486707/medium.jpg,,,,1,0,False,,"England, GB",51.5873585875,-1.1238670456,,26196,,obscured,True,,,Red Kite,Milvus milvus,Rotmilan,Aves,5267,51.5873585875,-1.1238670456,2015-10-03,photo_5.png
4412287,2016-04-10 11:08:07,2016-04-10,2016-04-10 21:08:07 UTC,Hawaii,354498,paul127,2016-10-22 14:19:55 UTC,2020-08-07 14:09:33 UTC,research,,http://www.inaturalist.org/observations/4412287,http://static.inaturalist.org/photos/5302303/medium.jpg,,,"Stokenchurch ,UK.",2,0,False,,"England, GB",51.6006578343,-0.8984458266,,26164,,obscured,True,,,Red Kite,Milvus milvus,Rotmilan,Aves,5267,51.6006578343,-0.8984458266,2016-04-10,photo_6.png
4617084,2016-04-10 11:06:06,2016-04-10,2016-04-10 21:06:06 UTC,Hawaii,354498,paul127,2016-11-22 20:38:10 UTC,2020-08-07 15:07:43 UTC,research,,http://www.inaturalist.org/observations/4617084,http://static.inaturalist.org/photos/5585897/medium.jpg,,,"Stokenchurch ,UK",4,0,False,,"England, GB",51.7206564501,-0.8599878995,,26164,,obscured,True,,,Red Kite,Milvus milvus,Rotmilan,Aves,5267,51.7206564501,-0.8599878995,2016-04-10,photo_7.png
9241053,Sat Dec 23 2017 13:53:23 GMT+0000 (GMT),2017-12-23,2017-12-23 13:53:23 UTC,UTC,677988,mt34thomas,2017-12-23 13:55:50 UTC,2019-02-21 22:37:06 UTC,research,,https://www.inaturalist.org/observations/9241053,https://static.inaturalist.org/photos/12509016/medium.jpg,,,,4,0,False,3.0,"England, GB",51.7164660187,-0.5114519765,30.0,26164,,obscured,True,,,Red Kite,Milvus milvus,Rotmilan,Aves,5267,51.7164660187,-0.5114519765,2017-12-23,photo_8.png
9392441,2017-10-01 5:00:00 pm CEST,2017-10-01,2017-10-01 15:00:00 UTC,Paris,741111,dancunningham,2018-01-07 12:59:12 UTC,2018-12-09 15:18:45 UTC,research,CC-BY-NC,https://www.inaturalist.org/observations/9392441,https://inaturalist-open-data.s3.amazonaws.com/photos/12762605/medium.jpeg,,,Two red kites flying really low over the town and calling. Amazing sight! ,2,0,False,2.0,"England, GB",51.7294444523,-0.7914467483,4128.0,26164,obscured,obscured,True,gps,gps,Red Kite,Milvus milvus,Rotmilan,Aves,5267,51.7294444523,-0.7914467483,2017-10-01,photo_9.png
10024982,2012/08/05 1:17 PM BST,2012-08-05,2012-08-05 12:17:00 UTC,Europe/London,215911,rjdee88888,2018-02-27 23:29:41 UTC,2018-12-05 17:40:38 UTC,research,CC-BY-NC,https://www.inaturalist.org/observations/10024982,https://inaturalist-open-data.s3.amazonaws.com/photos/13787357/medium.jpeg,,,,4,0,False,,"Buckinghamshire, England, GB",51.6279229147,-0.6871153438,5.0,26164,,obscured,True,,,Red Kite,Milvus milvus,Rotmilan,Aves,5267,51.6279229147,-0.6871153438,2012-08-05,photo_10.png
12360028,Fri Mar 23 2018 07:09:23 GMT-0400 (EDT),2018-03-23,2018-03-23 11:09:23 UTC,Eastern Time (US & Canada),743607,orestesmelendez,2018-05-11 20:20:33 UTC,2018-10-15 12:08:07 UTC,research,CC-BY-NC,https://www.inaturalist.org/observations/12360028,https://inaturalist-open-data.s3.amazonaws.com/photos/17803357/medium.jpg,,,"Red kite (raptor, bird of prey), common in the Marlow area; thanks to those helping identifying it",5,0,False,3.0,"England, GB",51.556216232,-0.7357203652,5.0,26196,,obscured,True,,,Red Kite,Milvus milvus,Rotmilan,Aves,5267,51.556216232,-0.7357203652,2018-03-23,photo_11.png
13152396,2018-06-02 10:14:27 am BST,2018-06-02,2018-06-02 10:14:27 UTC,UTC,1008991,lorenkeeble,2018-06-05 19:45:25 UTC,2018-06-06 12:20:43 UTC,research,,https://www.inaturalist.org/observations/13152396,https://static.inaturalist.org/photos/19187201/medium.jpeg,,,,2,0,False,2.0,"Buckinghamshire, England, GB",51.6738510321,-0.7403366817,,26164,,obscured,True,gps,gps,Red Kite,Milvus milvus,Rotmilan,Aves,5267,51.6738510321,-0.7403366817,2018-06-02,photo_12.png
14034590,2018-06-23 10:11:49 am BST,2018-06-23,2018-06-23 08:11:49 UTC,Brussels,63000,qgroom,2018-07-04 07:25:36 UTC,2018-07-04 10:18:07 UTC,research,CC0,https://www.inaturalist.org/observations/14034590,https://inaturalist-open-data.s3.amazonaws.com/photos/20768462/medium.jpeg,,,,2,0,False,2.0,"England, GB",51.500901128,-0.6781824643,,26196,,obscured,True,gps,gps,Milhafre-real,Milvus milvus,Rotmilan,Aves,5267,51.500901128,-0.6781824643,2018-06-23,photo_13.png
14048002,2016/05/28 3:07 PM BST,2016-05-28,2016-05-28 14:07:00 UTC,London,1058617,jevans999,2018-07-04 18:00:00 UTC,2018-07-04 18:48:19 UTC,research,CC-BY-NC,https://www.inaturalist.org/observations/14048002,https://inaturalist-open-data.s3.amazonaws.com/photos/20786810/medium.jpeg,,,,4,0,False,,"England, GB",51.5625442911,-0.8474790516,3258.0,26196,,obscured,True,,,Red Kite,Milvus milvus,Rotmilan,Aves,5267,51.5625442911,-0.8474790516,2016-05-28,photo_14.png
15199229,2018-08-01 3:30:00 p.m. BST,2018-08-01,2018-08-01 15:30:00 UTC,UTC,1128597,lindsey92,2018-08-07 16:09:35 UTC,2018-08-14 16:36:19 UTC,research,,https://www.inaturalist.org/observations/15199229,https://static.inaturalist.org/photos/22735604/medium.jpeg,,,Swooping and gliding over farmland. Woods nearby,3,0,False,2.0,"England, GB",51.7515598366,-0.5790115927,263.0,26164,,obscured,True,gps,gps,Red Kite,Milvus milvus,Rotmilan,Aves,5267,51.7515598366,-0.5790115927,2018-08-01,photo_15.png
15327054,2017/09/23,2017-09-23,,Eastern Time (US & Canada),286459,kevinemetcalf,2018-08-11 20:08:31 UTC,2018-08-23 00:03:44 UTC,research,CC-BY-NC,https://www.inaturalist.org/observations/15327054,https://inaturalist-open-data.s3.amazonaws.com/photos/22953616/medium.jpg,,,,2,0,False,,"England, GB",51.5757398624,-0.563530182,31.0,26196,,obscured,True,,,Red Kite,Milvus milvus,Rotmilan,Aves,5267,51.5757398624,-0.563530182,2017-09-23,photo_16.png
16356750,Sun Sep 09 2018 17:12:07 GMT+0100 (GMT+1),2018-09-09,2018-09-09 15:12:07 UTC,Amsterdam,869297,petercwray,2018-09-09 16:13:35 UTC,2018-09-22 09:07:14 UTC,research,,https://www.inaturalist.org/observations/16356750,https://static.inaturalist.org/photos/24589068/medium.jpg,,,,3,0,False,3.0,"England, GB",51.8584167934,-0.7393463531,1478.0,26132,,obscured,True,,,Red Kite,Milvus milvus,Rotmilan,Aves,5267,51.8584167934,-0.7393463531,2018-09-09,photo_17.png
16874466,Mon Sep 24 2018 11:04:48 GMT+0100 (GMT+1),2018-09-24,2018-09-24 09:04:48 UTC,Amsterdam,6743,lhiggins,2018-09-24 17:00:54 UTC,2018-09-24 21:33:17 UTC,research,CC-BY,https://www.inaturalist.org/observations/16874466,https://static.inaturalist.org/photos/25486590/medium.jpg,,,,2,0,False,3.0,"England, GB",51.5070231165,-1.1469090751,73.0,26196,,obscured,True,,,Red Kite,Milvus milvus,Rotmilan,Aves,5267,51.5070231165,-1.1469090751,2018-09-24,photo_18.png
17662023,2018-10-19 12:22:38 pm GMT+01:00,2018-10-19,2018-10-19 10:22:38 UTC,Amsterdam,1242584,cattanachclan,2018-10-19 23:53:05 UTC,2018-10-20 07:45:17 UTC,research,,https://www.inaturalist.org/observations/17662023,https://static.inaturalist.org/photos/26911989/medium.jpeg,,,Redish feathers. Whistling call. Tail almost forked.,1,0,False,2.0,"England, GB",51.5668568855,-0.9747741436,,26196,,obscured,True,gps,gps,Red Kite,Milvus milvus,Rotmilan,Aves,5267,51.5668568855,-0.9747741436,2018-10-19,photo_19.png
19247115,Thu Dec 27 2018 08:40:57 GMT+0000 (GMT),2018-12-27,2018-12-27 08:40:57 UTC,UTC,1367983,brett_furnas,2018-12-27 10:05:08 UTC,2018-12-27 11:45:34 UTC,research,,https://www.inaturalist.org/observations/19247115,https://static.inaturalist.org/photos/29571947/medium.jpg,,,Poor lighting but note red breast and gray head. Saw forked tail in flight and heard wee oh vocalization  ,1,0,False,3.0,"Buckinghamshire, England, GB",51.8371548547,-0.9555018325,0.0,26132,,obscured,True,,,Red Kite,Milvus milvus,Rotmilan,Aves,5267,51.8371548547,-0.9555018325,2018-12-27,photo_20.png
19354857,2019-01-01 3:12:51 pm GMT,2019-01-01,2019-01-01 15:12:51 UTC,UTC,1297023,rachel467,2019-01-01 17:09:58 UTC,2019-01-01 20:18:59 UTC,research,,https://www.inaturalist.org/observations/19354857,https://static.inaturalist.org/photos/29762735/medium.jpg,,,Four red kites circling above the downs. ,3,0,False,2.0,"England, GB",51.8503681102,-0.7240135831,,26132,,obscured,True,gps,gps,Red Kite,Milvus milvus,Rotmilan,Aves,5267,51.8503681102,-0.7240135831,2019-01-01,photo_21.png
20137235,Tue Feb 05 2019 15:09:42 GMT+0000 (GMT),2019-02-05,2019-02-05 15:09:42 UTC,UTC,1193977,tpickles8,2019-02-05 21:31:47 UTC,2019-02-06 07:52:06 UTC,research,,https://www.inaturalist.org/observations/20137235,https://static.inaturalist.org/photos/31056980/medium.jpg,,,,3,0,False,3.0,"England, GB",51.5744245633,-0.6204186526,4.0,26196,,obscured,True,,,Milan royal,Milvus milvus,Rotmilan,Aves,5267,51.5744245633,-0.6204186526,2019-02-05,photo_22.png
20484988,Sat Feb 02 2019 16:23:28 GMT+0100 (GMT+1),2019-02-02,2019-02-02 15:23:28 UTC,Amsterdam,1465732,falcons4life,2019-02-19 09:48:08 UTC,2019-02-23 09:14:08 UTC,research,CC-BY-NC,https://www.inaturalist.org/observations/20484988,https://inaturalist-open-data.s3.amazonaws.com/photos/31613197/medium.jpg,,,,5,0,False,3.0,"England, GB",51.5778490625,-0.7061832225,6688.0,26196,,obscured,True,,,Red Kite,Milvus milvus,Rotmilan,Aves,5267,51.5778490625,-0.7061832225,2019-02-02,photo_23.png
20788399,2013/10/05 7:01 PM SST,2013-10-05,2013-10-05 05:01:00 UTC,Samoa,1477605,batworker,2019-02-26 21:35:13 UTC,2019-03-03 15:52:18 UTC,research,CC-BY-NC,https://www.inaturalist.org/observations/20788399,https://inaturalist-open-data.s3.amazonaws.com/photos/32060011/medium.jpg,,,,4,0,False,,"England, GB",51.7817176255,-0.726752821,100.0,26164,,obscured,True,,,Красный коршун,Milvus milvus,Rotmilan,Aves,5267,51.7817176255,-0.726752821,2013-10-05,photo_24.png
21352305,Mon Mar 18 2019 08:19:28 GMT+0000 (GMT),2019-03-18,2019-03-18 08:19:28 UTC,UTC,1475038,kevinwoo10,2019-03-18 08:19:53 UTC,2019-10-06 08:34:43 UTC,research,CC-BY-NC,https://www.inaturalist.org/observations/21352305,https://inaturalist-open-data.s3.amazonaws.com/photos/33025076/medium.jpg,,,,4,1,False,3.0,"England, GB",51.5854408045,-0.8376102738,65.0,26196,,obscured,True,,,Milan royal,Milvus milvus,Rotmilan,Aves,5267,51.5854408045,-0.8376102738,2019-03-18,photo_25.png
21767472,Sun Mar 24 2019 16:50:55 GMT-0700 (PDT),2019-03-24,2019-03-24 23:50:55 UTC,Pacific Time (US & Canada),1402016,mrjoemorgan,2019-03-30 05:03:33 UTC,2019-04-02 11:00:48 UTC,research,,https://www.inaturalist.org/observations/21767472,https://static.inaturalist.org/photos/33714452/medium.jpg,,,,4,0,False,3.0,"Buckinghamshire, England, GB",51.7001647951,-0.7360811594,59.0,26164,,obscured,True,,,Red Kite,Milvus milvus,Rotmilan,Aves,5267,51.7001647951,-0.7360811594,2019-03-24,photo_26.png
21887504,2019/02/19 6:32 PM GMT,2019-02-19,2019-02-19 18:32:00 UTC,London,662120,philipmarkosso,2019-04-01 21:45:46 UTC,2021-08-11 13:24:52 UTC,research,CC-BY-NC,https://www.inaturalist.org/observations/21887504,https://inaturalist-open-data.s3.amazonaws.com/photos/33911564/medium.jpg,,,,2,0,False,,"England, GB",51.8106186983,-0.4664801899,52.0,26132,,obscured,True,,,Red Kite,Milvus milvus,Rotmilan,Aves,5267,51.8106186983,-0.4664801899,2019-02-19,photo_27.png
22020541,Fri Apr 05 2019 11:47:17 GMT+0100 (GMT+1),2019-04-05,2019-04-05 09:47:17 UTC,Amsterdam,1475038,kevinwoo10,2019-04-05 12:04:06 UTC,2019-04-05 12:49:16 UTC,research,CC-BY-NC,https://www.inaturalist.org/observations/22020541,https://inaturalist-open-data.s3.amazonaws.com/photos/34128548/medium.jpg,,,,3,1,False,3.0,"England, GB",51.499393302,-0.9684955902,24.0,26196,,obscured,True,,,Red Kite,Milvus milvus,Rotmilan,Aves,5267,51.499393302,-0.9684955902,2019-04-05,photo_28.png
22472231,2018/09/23 3:47 PM CDT,2018-09-23,2018-09-23 20:47:00 UTC,Central Time (US & Canada),1288418,daleheinert,2019-04-14 17:41:15 UTC,2019-04-14 17:56:14 UTC,research,CC-BY-NC,https://www.inaturalist.org/observations/22472231,https://inaturalist-open-data.s3.amazonaws.com/photos/34810909/medium.jpeg,,,,3,0,False,,"Buckinghamshire, England, GB",51.6924917669,-0.8193494094,31.0,26164,,obscured,True,,,Red Kite,Milvus milvus,Rotmilan,Aves,5267,51.6924917669,-0.8193494094,2018-09-23,photo_29.png
22765604,2019-04-20 6:27:44 pm BST,2019-04-20,2019-04-20 18:27:44 UTC,UTC,1640141,sgpole,2019-04-20 17:44:50 UTC,2019-04-20 17:45:08 UTC,needs_id,CC-BY-NC,https://www.inaturalist.org/observations/22765604,https://inaturalist-open-data.s3.amazonaws.com/photos/35280080/medium.jpeg,,,,0,0,False,2.0,"Buckinghamshire, England, GB",51.7951610029,-0.6939872674,,26164,,obscured,True,gps,gps,Red Kite,Milvus milvus,Rotmilan,Aves,5267,51.7951610029,-0.6939872674,2019-04-20,photo_30.png
22899430,Mon Apr 22 2019 12:36:51 GMT+0100 (GMT+1),2019-04-22,2019-04-22 10:36:51 UTC,Amsterdam,1614389,grahamfoster,2019-04-22 19:21:52 UTC,2019-06-01 22:21:48 UTC,research,CC-BY-NC,https://www.inaturalist.org/observations/22899430,https://inaturalist-open-data.s3.amazonaws.com/photos/35495100/medium.jpg,,,,3,1,False,3.0,"England, GB",51.5427789013,-0.4959271291,5.0,26196,,obscured,True,,,Red Kite,Milvus milvus,Rotmilan,Aves,5267,51.5427789013,-0.4959271291,2019-04-22,photo_31.png
23321154,2019-04-25 9:39:52 am BST,2019-04-25,2019-04-25 09:39:52 UTC,UTC,1680246,donnamainwaring,2019-04-27 06:55:29 UTC,2021-11-03 00:26:23 UTC,research,,https://www.inaturalist.org/observations/23321154,https://static.inaturalist.org/photos/36134369/medium.jpeg,,,,2,0,False,2.0,"England, GB",51.8264709041,-0.4829744026,17.0,26132,,obscured,True,gps,gps,Red Kite,Milvus milvus,Rotmilan,Aves,5267,51.8264709041,-0.4829744026,2019-04-25,photo_32.png
24837326,Thu May 09 2019 15:43:13 GMT+0100 (GMT+1),2019-05-09,2019-05-09 13:43:13 UTC,Amsterdam,289,michaeleconomy,2019-05-09 14:43:57 UTC,2019-05-09 15:59:02 UTC,research,,https://www.inaturalist.org/observations/24837326,https://static.inaturalist.org/photos/38415291/medium.jpg,,,,1,0,False,3.0,"Oxfordshire, England, GB",51.5529983837,-1.1380600933,50.0,26196,,obscured,True,,,Milan royal,Milvus milvus,Rotmilan,Aves,5267,51.5529983837,-1.1380600933,2019-05-09,photo_33.png
25008950,Sun May 12 2019 18:57:41 GMT+0100 (GMT+1),2019-05-12,2019-05-12 16:57:41 UTC,Amsterdam,691005,tiliquait,2019-05-12 17:57:56 UTC,2019-05-12 18:21:11 UTC,research,,https://www.inaturalist.org/observations/25008950,https://static.inaturalist.org/photos/38696525/medium.jpg,,,,1,0,False,3.0,"England, GB",51.8205434609,-0.7400015297,5.0,26132,,obscured,True,,,Roter Milan,Milvus milvus,Rotmilan,Aves,5267,51.8205434609,-0.7400015297,2019-05-12,photo_34.png
25216243,Thu May 16 2019 12:09:06 GMT+0100 (GMT+1),2019-05-16,2019-05-16 10:09:06 UTC,Amsterdam,1702447,pnosbloom,2019-05-16 15:40:48 UTC,2019-05-16 18:11:56 UTC,research,CC-BY-NC,https://www.inaturalist.org/observations/25216243,https://inaturalist-open-data.s3.amazonaws.com/photos/39034711/medium.jpg,,,,2,0,False,3.0,"England, GB",51.572289715,-0.583031485,5.0,26196,,obscured,True,,,Red Kite,Milvus milvus,Rotmilan,Aves,5267,51.572289715,-0.583031485,2019-05-16,photo_35.png
25672391,2018/10/26 11:48 PM UTC,2018-10-26,,UTC,652403,janethychik,2019-05-24 13:35:14 UTC,2019-05-24 13:50:33 UTC,research,,https://www.inaturalist.org/observations/25672391,https://static.inaturalist.org/photos/39789979/medium.jpg,,"Bird, Red kite, Milvus milvus, 紅鳶",,2,0,False,,"England, GB",51.543365593,-0.7330779649,177.0,26196,,obscured,True,,,Roter Milan,Milvus milvus,Rotmilan,Aves,5267,51.543365593,-0.7330779649,2018-10-26,photo_36.png
26065135,Thu May 30 2019 11:26:12 GMT+0100 (GMT+1),2019-05-30,2019-05-30 09:26:12 UTC,Amsterdam,1702447,pnosbloom,2019-05-30 16:26:17 UTC,2019-05-30 16:30:08 UTC,research,CC-BY-NC,https://www.inaturalist.org/observations/26065135,https://inaturalist-open-data.s3.amazonaws.com/photos/40439891/medium.jpg,,,,1,0,False,3.0,"Hertfordshire, England, GB",51.683129191,-0.4449192696,5.0,26164,,obscured,True,,,Roter Milan,Milvus milvus,Rotmilan,Aves,5267,51.683129191,-0.4449192696,2019-05-30,photo_37.png
26074889,Thu May 30 2019 20:19:35 GMT+0100 (GMT+1),2019-05-30,2019-05-30 18:19:35 UTC,Amsterdam,869297,petercwray,2019-05-30 19:20:30 UTC,2019-06-01 17:12:24 UTC,research,,https://www.inaturalist.org/observations/26074889,https://static.inaturalist.org/photos/40454909/medium.jpg,,,,2,0,False,3.0,"England, GB",51.8499255555,-0.6094490419,32.0,26132,,obscured,True,,,Roter Milan,Milvus milvus,Rotmilan,Aves,5267,51.8499255555,-0.6094490419,2019-05-30,photo_38.png
26442434,2019-06-05 3:30:00 pm BST,2019-06-05,2019-06-05 15:30:00 UTC,UTC,1744885,freyjabrown,2019-06-05 15:16:23 UTC,2020-02-26 14:06:25 UTC,research,,https://www.inaturalist.org/observations/26442434,https://static.inaturalist.org/photos/41060662/medium.jpg,,,,3,0,False,2.0,"England, GB",51.5124508589,-0.9057580829,4.0,26196,,obscured,True,,,Red Kite,Milvus milvus,Rotmilan,Aves,5267,51.5124508589,-0.9057580829,2019-06-05,photo_39.png
26501078,2019-06-06 3:30:00 pm BST,2019-06-06,2019-06-06 15:30:00 UTC,UTC,1744885,freyjabrown,2019-06-06 16:41:19 UTC,2020-02-26 14:06:05 UTC,research,,https://www.inaturalist.org/observations/26501078,https://static.inaturalist.org/photos/41155915/medium.jpg,,,,3,0,False,2.0,"England, GB",51.4853148546,-0.8877798651,8.0,26196,,obscured,True,,,Red Kite,Milvus milvus,Rotmilan,Aves,5267,51.4853148546,-0.8877798651,2019-06-06,photo_40.png
26560107,2019-06-07 5:30:00 pm BST,2019-06-07,2019-06-07 17:30:00 UTC,UTC,1744885,freyjabrown,2019-06-07 17:26:27 UTC,2020-02-26 14:05:57 UTC,research,,https://www.inaturalist.org/observations/26560107,https://static.inaturalist.org/photos/41250898/medium.jpg,,,,3,0,False,2.0,"England, GB",51.5722185446,-0.8365951835,6.0,26196,,obscured,True,,,Red Kite,Milvus milvus,Rotmilan,Aves,5267,51.5722185446,-0.8365951835,2019-06-07,photo_41.png
26612816,2019-06-08 4:00:00 pm BST,2019-06-08,2019-06-08 16:00:00 UTC,UTC,1744885,freyjabrown,2019-06-08 16:06:28 UTC,2020-02-26 14:05:50 UTC,research,,https://www.inaturalist.org/observations/26612816,https://static.inaturalist.org/photos/41334936/medium.jpg,,,,2,0,False,2.0,"England, GB",51.4817537676,-0.9650237016,6.0,26196,,obscured,True,,,Red Kite,Milvus milvus,Rotmilan,Aves,5267,51.4817537676,-0.9650237016,2019-06-08,photo_42.png
26744937,2019-06-09 5:30:00 pm BST,2019-06-09,2019-06-09 17:30:00 UTC,UTC,1744885,freyjabrown,2019-06-10 13:44:06 UTC,2020-02-26 14:05:44 UTC,research,,https://www.inaturalist.org/observations/26744937,https://static.inaturalist.org/photos/41546891/medium.jpg,,,,3,0,False,2.0,"England, GB",51.5027451278,-0.8106899022,12.0,26196,,obscured,True,,,Red Kite,Milvus milvus,Rotmilan,Aves,5267,51.5027451278,-0.8106899022,2019-06-09,photo_43.png
27080991,2019/06/15 9:05 AM BST,2019-06-15,2019-06-15 08:05:00 UTC,London,1029261,birdmanuk68,2019-06-16 12:01:44 UTC,2020-06-28 01:05:19 UTC,research,CC-BY-NC,https://www.inaturalist.org/observations/27080991,https://inaturalist-open-data.s3.amazonaws.com/photos/42099056/medium.jpg,,"Birds, Raptors, Woodoaks Farm, Hertfordshire, UK",,2,0,False,,"England, GB",51.7409240858,-0.5543585372,31.0,26164,,obscured,True,,,Red Kite,Milvus milvus,Rotmilan,Aves,5267,51.7409240858,-0.5543585372,2019-06-15,photo_44.png
27083302,2019-06-16 1:54:03 p.m. BST,2019-06-16,2019-06-16 13:54:03 UTC,UTC,1866606,tomaugust,2019-06-16 12:55:08 UTC,2021-06-15 09:29:05 UTC,research,CC0,https://www.inaturalist.org/observations/27083302,https://static.inaturalist.org/photos/42102224/medium.jpeg,,,,1,0,False,2.0,"Oxfordshire, England, GB",51.5750535416,-1.1349565145,,26196,,obscured,True,gps,gps,Red Kite,Milvus milvus,Rotmilan,Aves,5267,51.5750535416,-1.1349565145,2019-06-16,photo_45.png
27167346,Mon Jun 17 2019 19:05:17 GMT+0100 (GMT+1),2019-06-17,2019-06-17 17:05:17 UTC,Amsterdam,1475038,kevinwoo10,2019-06-17 18:44:18 UTC,2019-06-17 18:44:30 UTC,needs_id,CC-BY-NC,https://www.inaturalist.org/observations/27167346,https://inaturalist-open-data.s3.amazonaws.com/photos/42240564/medium.jpg,,,,0,0,False,3.0,"England, GB",51.5680201866,-0.9487306264,6.0,26196,,obscured,True,,,,Milvus milvus,Rotmilan,Aves,5267,51.5680201866,-0.9487306264,2019-06-17,photo_46.png
28456512,2019-07-06 1:27:23 pm BST,2019-07-06,2019-07-06 13:27:23 UTC,UTC,1744885,freyjabrown,2019-07-08 20:33:17 UTC,2020-02-26 13:59:32 UTC,research,,https://www.inaturalist.org/observations/28456512,https://static.inaturalist.org/photos/44360461/medium.jpeg,,,,3,0,False,2.0,"England, GB",51.5835960259,-0.9717041653,9.0,26196,,obscured,True,gps,gps,Roter Milan,Milvus milvus,Rotmilan,Aves,5267,51.5835960259,-0.9717041653,2019-07-06,photo_47.png
28796067,2019-07-14 3:19:42 pm BST,2019-07-14,2019-07-14 15:19:42 UTC,UTC,1981983,martinwild,2019-07-14 14:21:06 UTC,2019-07-15 07:10:57 UTC,research,,https://www.inaturalist.org/observations/28796067,https://static.inaturalist.org/photos/44911983/medium.jpeg,,,,3,0,False,2.0,"England, GB",51.5653007397,-0.6548944362,9.0,26196,,obscured,True,,,Roter Milan,Milvus milvus,Rotmilan,Aves,5267,51.5653007397,-0.6548944362,2019-07-14,photo_48.png
28796414,2019-07-14 3:27:26 pm BST,2019-07-14,2019-07-14 15:27:26 UTC,UTC,1981983,martinwild,2019-07-14 14:28:00 UTC,2019-07-15 07:15:19 UTC,research,,https://www.inaturalist.org/observations/28796414,https://static.inaturalist.org/photos/44912575/medium.jpeg,,,Any ideas? ,2,0,False,2.0,"England, GB",51.5175812651,-0.7664531397,4.0,26196,,obscured,True,,,Red Kite,Milvus milvus,Rotmilan,Aves,5267,51.5175812651,-0.7664531397,2019-07-14,photo_49.png
28797751,2019-07-14 3:46:23 pm BST,2019-07-14,2019-07-14 15:46:23 UTC,UTC,1981983,martinwild,2019-07-14 14:48:16 UTC,2019-08-09 13:27:17 UTC,research,,https://www.inaturalist.org/observations/28797751,https://static.inaturalist.org/photos/44914534/medium.jpeg,,,,4,0,False,2.0,"England, GB",51.5008613216,-0.7117855754,4.0,26196,,obscured,True,,,Roter Milan,Milvus milvus,Rotmilan,Aves,5267,51.5008613216,-0.7117855754,2019-07-14,photo_50.png
29057418,2019/06/20 12:14 PM SAST,2019-06-20,2019-06-20 10:14:00 UTC,Africa/Johannesburg,97441,ryanvanhuyssteen,2019-07-18 15:02:46 UTC,2019-09-27 16:12:34 UTC,research,CC-BY-NC,https://www.inaturalist.org/observations/29057418,https://inaturalist-open-data.s3.amazonaws.com/photos/45328504/medium.jpg,,,,4,0,False,,"England, GB",51.4852808066,-0.5067943264,2246.0,26196,,obscured,True,,,Nibbio reale,Milvus milvus,Rotmilan,Aves,5267,51.4852808066,-0.5067943264,2019-06-20,photo_51.png
29318729,Mon Jul 22 2019 15:23:54 GMT+0100 (GMT+1),2019-07-22,2019-07-22 13:23:54 UTC,Amsterdam,1623802,mo2011,2019-07-22 15:06:41 UTC,2019-07-22 16:20:54 UTC,research,CC-BY-NC,https://www.inaturalist.org/observations/29318729,https://inaturalist-open-data.s3.amazonaws.com/photos/45751622/medium.jpg,,,,1,0,False,3.0,"Buckinghamshire, England, GB",51.6943316676,-0.9973317315,5.0,26164,,obscured,True,,,Red Kite,Milvus milvus,Rotmilan,Aves,5267,51.6943316676,-0.9973317315,2019-07-22,photo_52.png
30408065,Sat Feb 23 2019 15:02:36 GMT+0000 (GMT),2019-02-23,2019-02-23 15:02:36 UTC,UTC,2102283,neils,2019-08-08 05:18:26 UTC,2019-08-08 22:00:46 UTC,research,CC-BY-NC,https://www.inaturalist.org/observations/30408065,https://inaturalist-open-data.s3.amazonaws.com/photos/47508847/medium.jpg,,,,4,0,False,3.0,"England, GB",51.7325323517,-0.5557445065,85.0,26164,,obscured,True,,,Milan royal,Milvus milvus,Rotmilan,Aves,5267,51.7325323517,-0.5557445065,2019-02-23,photo_53.png
30504997,2019/08/08 2:24 PM BST,2019-08-08,2019-08-08 13:24:00 UTC,Europe/London,1881187,boatbirder,2019-08-09 21:43:37 UTC,2021-04-24 08:25:13 UTC,research,CC-BY-NC,https://www.inaturalist.org/observations/30504997,https://inaturalist-open-data.s3.amazonaws.com/photos/47662688/medium.jpg,,,,3,0,False,,"Buckinghamshire, England, GB",51.6189964565,-0.9029715895,203.0,26164,,obscured,True,,,Roter Milan,Milvus milvus,Rotmilan,Aves,5267,51.6189964565,-0.9029715895,2019-08-08,photo_54.png
32460587,2019-09-09 4:11:05 PM GMT+01:00,2019-09-09,2019-09-09 14:11:05 UTC,Amsterdam,1516506,ejhergenreder,2019-09-10 11:50:51 UTC,2019-09-10 20:29:20 UTC,research,CC-BY-NC,https://www.inaturalist.org/observations/32460587,https://inaturalist-open-data.s3.amazonaws.com/photos/50915227/medium.jpg,,,,1,0,False,2.0,"England, GB",51.7923583937,-0.566391016,,26164,,obscured,True,gps,gps,Red Kite,Milvus milvus,Rotmilan,Aves,5267,51.7923583937,-0.566391016,2019-09-09,photo_55.png
32722356,2019-08-06,2019-08-06,,UTC,2258177,jasonleefrost1986,2019-09-14 20:41:50 UTC,2019-09-15 13:10:23 UTC,research,,https://www.inaturalist.org/observations/32722356,https://inaturalist-open-data.s3.amazonaws.com/photos/51341523/medium.jpeg,,,,2,0,False,333.0,"England, GB",51.5066038581,-0.6278122409,,26196,,obscured,True,,,Red Kite,Milvus milvus,Rotmilan,Aves,5267,51.5066038581,-0.6278122409,2019-08-06,photo_56.png
33121442,2019-09-21 11:51:25 am BST,2019-09-21,2019-09-21 11:51:25 UTC,UTC,1617953,saharrod,2019-09-21 10:52:00 UTC,2019-09-22 13:40:44 UTC,research,CC-BY-NC,https://www.inaturalist.org/observations/33121442,https://inaturalist-open-data.s3.amazonaws.com/photos/51994772/medium.jpeg,,,,3,1,False,2.0,"England, GB",51.5072272018,-0.8325687677,20.0,26196,,obscured,True,,,Luňák červený,Milvus milvus,Rotmilan,Aves,5267,51.5072272018,-0.8325687677,2019-09-21,photo_57.png
33519561,2019-09-27 1:25:17 PM GMT+01:00,2019-09-27,2019-09-27 11:25:17 UTC,Amsterdam,1682331,hippy_linguist,2019-09-28 09:01:20 UTC,2021-08-28 16:09:49 UTC,research,,https://www.inaturalist.org/observations/33519561,https://static.inaturalist.org/photos/52651403/medium.jpeg,,,,1,0,False,2.0,"England, GB",51.6570111386,-1.1359646118,,26164,,obscured,True,gps,gps,Red Kite,Milvus milvus,Rotmilan,Aves,5267,51.6570111386,-1.1359646118,2019-09-27,photo_58.png
33712906,Tue Oct 01 2019 14:01:57 GMT+0100 (GMT+1),2019-10-01,2019-10-01 12:01:57 UTC,Amsterdam,1150602,joumanamedlej,2019-10-01 18:15:34 UTC,2019-10-02 06:17:38 UTC,research,CC-BY,https://www.inaturalist.org/observations/33712906,https://static.inaturalist.org/photos/52977151/medium.jpg,,,,3,0,False,3.0,"England, GB",51.4889180469,-0.5060391094,5.0,26196,,obscured,True,,,Red Kite,Milvus milvus,Rotmilan,Aves,5267,51.4889180469,-0.5060391094,2019-10-01,photo_59.png
34135099,Sun Oct 06 2019 12:22:22 GMT+0100 (GMT+1),2019-10-06,2019-10-06 10:22:22 UTC,Amsterdam,2350796,debbl,2019-10-09 21:35:02 UTC,2019-12-16 16:27:53 UTC,research,CC-BY-NC,https://www.inaturalist.org/observations/34135099,https://inaturalist-open-data.s3.amazonaws.com/photos/53683125/medium.jpg,,,,1,0,False,3.0,"England, GB",51.6958928813,-0.9487777397,5.0,26164,,obscured,True,,,Red Kite,Milvus milvus,Rotmilan,Aves,5267,51.6958928813,-0.9487777397,2019-10-06,photo_60.png
34681907,2019-09-21 10:08:54,2019-09-21,2019-09-21 20:08:54 UTC,Hawaii,354498,paul127,2019-10-21 10:02:20 UTC,2019-10-23 08:38:58 UTC,research,,https://www.inaturalist.org/observations/34681907,https://static.inaturalist.org/photos/54612960/medium.jpg,,"UK, Maple Lodge, Birds, Birds of Prey, Juvenile, Red Kite, Milvus milvus, Juvenile Red Kite --- Milvus milvus","Maple Lodge NR , UK",2,0,False,,"England, GB",51.6230734702,-0.4624756841,,26164,,obscured,True,,,Red Kite,Milvus milvus,Rotmilan,Aves,5267,51.6230734702,-0.4624756841,2019-09-21,photo_61.png
35052475,2018/08/05 5:37 PM CEST,2018-08-05,2018-08-05 15:37:00 UTC,Paris,1791447,acclivity,2019-10-29 17:09:31 UTC,2019-10-30 21:53:59 UTC,research,CC-BY-NC,https://www.inaturalist.org/observations/35052475,https://inaturalist-open-data.s3.amazonaws.com/photos/55248257/medium.jpg,,,,4,0,False,,"Buckinghamshire, England, GB",51.7068593486,-0.7078351169,2.0,26164,,obscured,True,,,Nibbio reale,Milvus milvus,Rotmilan,Aves,5267,51.7068593486,-0.7078351169,2018-08-05,photo_62.png
36456670,2019/08/13 11:10 AM EDT,2019-08-13,2019-08-13 15:10:00 UTC,Eastern Time (US & Canada),120779,johnboback,2019-12-08 03:48:39 UTC,2019-12-08 13:59:34 UTC,research,CC-BY-NC,https://www.inaturalist.org/observations/36456670,https://inaturalist-open-data.s3.amazonaws.com/photos/57629391/medium.jpeg,,,,4,0,False,,"England, GB",51.5054460515,-0.7939273099,31.0,26196,,obscured,True,,,Red Kite,Milvus milvus,Rotmilan,Aves,5267,51.5054460515,-0.7939273099,2019-08-13,photo_63.png
38532194,2020/02/07 3:31 PM UTC,2020-02-07,,UTC,1002688,kitbeard,2020-02-11 08:58:37 UTC,2020-04-24 10:59:18 UTC,research,CC-BY-NC,https://www.inaturalist.org/observations/38532194,https://inaturalist-open-data.s3.amazonaws.com/photos/61253487/medium.jpeg,,,,5,0,False,,"Oxfordshire, England, GB",51.6119278331,-1.006511622,270.0,26164,,obscured,True,,,Red Kite,Milvus milvus,Rotmilan,Aves,5267,51.6119278331,-1.006511622,2020-02-07,photo_64.png
38602400,2020/02/12 6:09 AM PST,2020-02-12,2020-02-12 14:09:00 UTC,Pacific Time (US & Canada),35757,sydcannings,2020-02-13 13:15:09 UTC,2020-02-22 22:36:11 UTC,research,CC-BY-NC,https://www.inaturalist.org/observations/38602400,https://inaturalist-open-data.s3.amazonaws.com/photos/61372871/medium.jpeg,,,,2,0,False,,"England, GB",51.5029141763,-1.0799982365,,26196,,obscured,True,,,Red Kite,Milvus milvus,Rotmilan,Aves,5267,51.5029141763,-1.0799982365,2020-02-12,photo_65.png
38602402,2020/02/12 6:10 AM PST,2020-02-12,2020-02-12 14:10:00 UTC,Pacific Time (US & Canada),35757,sydcannings,2020-02-13 13:15:10 UTC,2020-02-27 11:49:20 UTC,research,CC-BY-NC,https://www.inaturalist.org/observations/38602402,https://inaturalist-open-data.s3.amazonaws.com/photos/61372955/medium.jpeg,,,,3,0,False,,"England, GB",51.5553231632,-1.0325575723,,26196,,obscured,True,,,Red Kite,Milvus milvus,Rotmilan,Aves,5267,51.5553231632,-1.0325575723,2020-02-12,photo_66.png
39530792,2020-02-23 5:17:32 PM GMT,2020-02-23,2020-02-23 17:17:32 UTC,Edinburgh,81356,jonathancampbell,2020-03-04 15:08:03 UTC,2021-05-03 09:13:39 UTC,research,CC-BY-NC,https://www.inaturalist.org/observations/39530792,https://inaturalist-open-data.s3.amazonaws.com/photos/62727739/medium.jpeg,,,"Apologies for the lackluster photo! We saw some fly really close the day before, but I didn't have my camera! This is the best I could do... Very common in that area!",1,0,False,2.0,"England, GB",51.752391692,-0.6379677216,48.0,26164,,obscured,True,gps,gps,Rotmilan,Milvus milvus,Rotmilan,Aves,5267,51.752391692,-0.6379677216,2020-02-23,photo_67.png
39644260,Thu Mar 05 2020 16:15:44 GMT+0000 (GMT),2020-03-05,2020-03-05 16:15:44 UTC,Edinburgh,2108800,tisrel,2020-03-07 11:37:56 UTC,2021-08-20 16:31:04 UTC,research,CC-BY-NC,https://www.inaturalist.org/observations/39644260,https://inaturalist-open-data.s3.amazonaws.com/photos/62916180/medium.jpg,,,,1,0,False,3.0,"Buckinghamshire, England, GB",51.7595257621,-0.6692013807,172.0,26164,obscured,obscured,True,,,Rotmilan,Milvus milvus,Rotmilan,Aves,5267,51.7595257621,-0.6692013807,2020-03-05,photo_68.png
40232068,2020/03/14 1:47 PM GMT,2020-03-14,2020-03-14 13:47:00 UTC,London,1029261,birdmanuk68,2020-03-19 13:55:35 UTC,2020-04-24 10:56:58 UTC,research,CC-BY-NC,https://www.inaturalist.org/observations/40232068,https://inaturalist-open-data.s3.amazonaws.com/photos/63911759/medium.jpg,,"Raptors, Kites, Buckinhamshire, UK",,4,0,False,,"Buckinghamshire, England, GB",51.731683445,-0.7153789008,15.0,26164,,obscured,True,,,Red Kite,Milvus milvus,Rotmilan,Aves,5267,51.731683445,-0.7153789008,2020-03-14,photo_69.png
40295705,Fri Mar 20 2020 12:59:48 GMT+0000 (GMT),2020-03-20,2020-03-20 12:59:48 UTC,Edinburgh,2108800,tisrel,2020-03-20 15:48:04 UTC,2021-08-20 16:31:11 UTC,research,CC-BY-NC,https://www.inaturalist.org/observations/40295705,https://inaturalist-open-data.s3.amazonaws.com/photos/64012118/medium.jpg,,,Group of three swooping low over the golf course and landing.,2,0,False,3.0,"England, GB",51.5654176987,-0.6259409219,500.0,26196,,obscured,True,,,Milan royal,Milvus milvus,Rotmilan,Aves,5267,51.5654176987,-0.6259409219,2020-03-20,photo_70.png
40690891,Wed Mar 25 2020 13:02:39 GMT+0000 (GMT),2020-03-25,2020-03-25 13:02:39 UTC,UTC,2082883,jredhead,2020-03-25 13:42:53 UTC,2021-04-26 12:34:22 UTC,research,CC-BY-NC,https://www.inaturalist.org/observations/40690891,https://inaturalist-open-data.s3.amazonaws.com/photos/64504578/medium.jpg,,,,4,0,False,3.0,"Oxfordshire, England, GB",51.7900375407,-1.119378705,4.0,26164,,obscured,True,,,Red Kite,Milvus milvus,Rotmilan,Aves,5267,51.7900375407,-1.119378705,2020-03-25,photo_71.png
40760013,Thu Mar 26 2020 16:04:59 GMT+0000 (GMT),2020-03-26,2020-03-26 16:04:59 UTC,UTC,1598928,dmbucks,2020-03-26 16:20:11 UTC,2020-03-26 22:07:54 UTC,research,CC-BY-NC,https://www.inaturalist.org/observations/40760013,https://inaturalist-open-data.s3.amazonaws.com/photos/64612904/medium.jpg,,,,2,0,False,3.0,"Buckinghamshire, England, GB",51.7146006529,-0.8416611315,6.0,26164,,obscured,True,,,Red Kite,Milvus milvus,Rotmilan,Aves,5267,51.7146006529,-0.8416611315,2020-03-26,photo_72.png
40949213,2020/03/29 9:20 AM UTC,2020-03-29,,UTC,2457373,hickeldypickleldy,2020-03-29 09:34:15 UTC,2021-06-18 15:45:42 UTC,research,CC-BY-NC,https://www.inaturalist.org/observations/40949213,https://inaturalist-open-data.s3.amazonaws.com/photos/64925763/medium.jpg,,,,3,0,False,,"England, GB",51.7678275887,-0.6379620905,59.0,26164,,obscured,True,gps,gps,Rotmilan,Milvus milvus,Rotmilan,Aves,5267,51.7678275887,-0.6379620905,2020-03-29,photo_73.png
41186930,Wed Apr 01 2020 16:53:58 GMT+0100 (GMT+1),2020-04-01,2020-04-01 14:53:58 UTC,Amsterdam,2440402,hullothere,2020-04-01 20:32:54 UTC,2021-06-09 23:07:58 UTC,research,CC-BY-NC,https://www.inaturalist.org/observations/41186930,https://inaturalist-open-data.s3.amazonaws.com/photos/65314716/medium.jpg,,,,2,0,False,3.0,"Buckinghamshire, England, GB",51.6646076568,-0.8534832588,5.0,26164,,obscured,True,,,Rotmilan,Milvus milvus,Rotmilan,Aves,5267,51.6646076568,-0.8534832588,2020-04-01,photo_74.png
41817140,Fri Apr 10 2020 13:11:52 GMT+0100 (GMT+1),2020-04-10,2020-04-10 11:11:52 UTC,Amsterdam,2635370,donalmcgurk,2020-04-10 12:18:28 UTC,2020-04-13 12:39:14 UTC,research,CC-BY-NC,https://www.inaturalist.org/observations/41817140,https://inaturalist-open-data.s3.amazonaws.com/photos/66353775/medium.jpg,,,,3,0,False,3.0,"Oxfordshire, England, GB",51.6322267654,-1.0544903748,16.0,26164,,obscured,True,,,Red Kite,Milvus milvus,Rotmilan,Aves,5267,51.6322267654,-1.0544903748,2020-04-10,photo_75.png
41838747,2020-04-10,2020-04-10,,UTC,2260804,noyb,2020-04-10 17:39:47 UTC,2020-04-17 07:41:07 UTC,research,,https://www.inaturalist.org/observations/41838747,https://inaturalist-open-data.s3.amazonaws.com/photos/66388638/medium.jpeg,,,It is a red kite,1,0,False,333.0,"England, GB",51.482377994,-0.9766195987,,26196,,obscured,True,,,Red Kite,Milvus milvus,Rotmilan,Aves,5267,51.482377994,-0.9766195987,2020-04-10,photo_76.png
42225457,Wed Apr 15 2020 07:50:12 GMT+0100 (GMT+1),2020-04-15,2020-04-15 05:50:12 UTC,Amsterdam,2715233,pasabeograd,2020-04-15 10:03:26 UTC,2020-06-28 01:05:41 UTC,research,CC-BY-NC,https://www.inaturalist.org/observations/42225457,https://inaturalist-open-data.s3.amazonaws.com/photos/67033925/medium.jpg,,,,2,0,False,3.0,"England, GB",51.7061048397,-0.5912229821,455.0,26164,,obscured,True,,,Red Kite,Milvus milvus,Rotmilan,Aves,5267,51.7061048397,-0.5912229821,2020-04-15,photo_77.png
42236894,2020-04-15 3:48:14 PM GMT+01:00,2020-04-15,2020-04-15 13:48:14 UTC,Amsterdam,2756278,valsiddiqui,2020-04-15 14:49:02 UTC,2020-04-15 15:19:19 UTC,research,CC-BY-NC,https://www.inaturalist.org/observations/42236894,https://inaturalist-open-data.s3.amazonaws.com/photos/67053225/medium.jpeg,,,,1,0,False,2.0,"England, GB",51.5651039552,-1.0112143948,9.0,26196,,obscured,True,,,Red Kite,Milvus milvus,Rotmilan,Aves,5267,51.5651039552,-1.0112143948,2020-04-15,photo_78.png
42237032,2020-04-15 3:49:50 PM GMT+01:00,2020-04-15,2020-04-15 13:49:50 UTC,Amsterdam,2756278,valsiddiqui,2020-04-15 14:50:52 UTC,2020-04-17 19:25:45 UTC,research,CC-BY-NC,https://www.inaturalist.org/observations/42237032,https://inaturalist-open-data.s3.amazonaws.com/photos/67053470/medium.jpeg,,,,3,0,False,2.0,"England, GB",51.5101656513,-1.0116695241,10.0,26196,,obscured,True,,,Red Kite,Milvus milvus,Rotmilan,Aves,5267,51.5101656513,-1.0116695241,2020-04-15,photo_79.png
42475809,2020/02/17 8:38 AM CET,2020-02-17,2020-02-17 07:38:00 UTC,Amsterdam,366926,chrisvanswaay,2020-04-18 14:51:48 UTC,2020-04-19 14:46:18 UTC,research,CC-BY-NC,https://www.inaturalist.org/observations/42475809,https://inaturalist-open-data.s3.amazonaws.com/photos/67444519/medium.jpeg,,,rode wouw,2,0,False,,"Oxfordshire, England, GB",51.7013529909,-1.1139696936,,26164,,obscured,True,,,Rotmilan,Milvus milvus,Rotmilan,Aves,5267,51.7013529909,-1.1139696936,2020-02-17,photo_80.png
42481094,Sat Apr 18 2020 14:06:46 GMT+0100 (GMT+1),2020-04-18,2020-04-18 12:06:46 UTC,Amsterdam,2635370,donalmcgurk,2020-04-18 15:56:00 UTC,2020-04-19 14:45:56 UTC,research,CC-BY-NC,https://www.inaturalist.org/observations/42481094,https://inaturalist-open-data.s3.amazonaws.com/photos/67453371/medium.jpg,,,A gathering of 25-30 Red Kites. Possible that someone was putting food out for them or something in the farm field drew them in. ,2,0,False,3.0,"England, GB",51.6631542904,-1.0304110561,76.0,26164,,obscured,True,,,Red Kite,Milvus milvus,Rotmilan,Aves,5267,51.6631542904,-1.0304110561,2020-04-18,photo_81.png
42624978,2020-04-11 4:22:34 PM GMT+01:00,2020-04-11,2020-04-11 14:22:34 UTC,Amsterdam,2770400,chartshorne,2020-04-19 23:39:41 UTC,2020-04-23 07:27:21 UTC,research,CC-BY-NC,https://www.inaturalist.org/observations/42624978,https://inaturalist-open-data.s3.amazonaws.com/photos/67687566/medium.jpeg,,,Up to 26 Red Kites circling at various altitudes.,1,0,False,2.0,"Oxfordshire, England, GB",51.7022626523,-1.0513873806,,26164,,obscured,True,gps,gps,Red Kite,Milvus milvus,Rotmilan,Aves,5267,51.7022626523,-1.0513873806,2020-04-11,photo_82.png
42701296,Sun Apr 19 2020 12:45:00 GMT+0100 (GMT+1),2020-04-19,2020-04-19 10:45:00 UTC,Amsterdam,2495174,ffalluto,2020-04-20 20:54:54 UTC,2020-04-23 21:26:40 UTC,research,CC-BY-NC,https://www.inaturalist.org/observations/42701296,https://inaturalist-open-data.s3.amazonaws.com/photos/67812133/medium.jpg,,,,3,0,False,3.0,"England, GB",51.5833855799,-1.0384808576,44.0,26196,,obscured,True,,,Red Kite,Milvus milvus,Rotmilan,Aves,5267,51.5833855799,-1.0384808576,2020-04-19,photo_83.png
42828511,Wed Apr 22 2020 09:23:11 GMT+0100 (GMT+1),2020-04-22,2020-04-22 07:23:11 UTC,Amsterdam,2789127,igl,2020-04-22 08:23:28 UTC,2020-04-23 21:23:28 UTC,research,CC-BY-NC,https://www.inaturalist.org/observations/42828511,https://inaturalist-open-data.s3.amazonaws.com/photos/68016044/medium.jpg,,,,2,0,False,3.0,"England, GB",51.678326278,-0.8704637208,13.0,26164,,obscured,True,,,Red Kite,Milvus milvus,Rotmilan,Aves,5267,51.678326278,-0.8704637208,2020-04-22,photo_84.png
43419881,Sat Apr 25 2020 20:35:24 GMT+0100 (GMT+1),2020-04-25,2020-04-25 18:35:24 UTC,Amsterdam,2845187,sam810,2020-04-25 19:36:11 UTC,2020-04-27 20:52:57 UTC,research,,https://www.inaturalist.org/observations/43419881,https://static.inaturalist.org/photos/68894564/medium.jpg,,,,2,0,False,3.0,"England, GB",51.6998644938,-1.092467631,7.0,26164,,obscured,True,,,Red Kite,Milvus milvus,Rotmilan,Aves,5267,51.6998644938,-1.092467631,2020-04-25,photo_85.png
43592681,Sun Apr 26 2020 13:01:07 GMT+0100 (GMT+1),2020-04-26,2020-04-26 11:01:07 UTC,Amsterdam,2635370,donalmcgurk,2020-04-26 12:05:05 UTC,2020-04-27 20:50:24 UTC,research,CC-BY-NC,https://www.inaturalist.org/observations/43592681,https://inaturalist-open-data.s3.amazonaws.com/photos/69159311/medium.jpg,,,,2,0,False,3.0,"Oxfordshire, England, GB",51.6483651226,-1.1181557271,16.0,26164,,obscured,True,,,Red Kite,Milvus milvus,Rotmilan,Aves,5267,51.6483651226,-1.1181557271,2020-04-26,photo_86.png
44160417,2020/04/27 5:11 PM BST,2020-04-27,2020-04-27 16:11:00 UTC,Edinburgh,2772246,jf2135,2020-04-28 19:07:58 UTC,2020-04-29 15:07:17 UTC,research,CC-BY-NC,https://www.inaturalist.org/observations/44160417,https://inaturalist-open-data.s3.amazonaws.com/photos/70015153/medium.jpeg,,,,2,0,False,,"Oxfordshire, England, GB",51.6895243477,-1.1255582062,244.0,26164,,obscured,True,,,Rotmilan,Milvus milvus,Rotmilan,Aves,5267,51.6895243477,-1.1255582062,2020-04-27,photo_87.png
44719168,2020/04/17 1:43 PM BST,2020-04-17,2020-04-17 12:43:00 UTC,Edinburgh,2789083,f1amed,2020-05-03 12:50:21 UTC,2020-05-05 10:34:38 UTC,research,CC-BY-NC,https://www.inaturalist.org/observations/44719168,https://inaturalist-open-data.s3.amazonaws.com/photos/70896038/medium.jpg,,,,2,0,False,,"Hertfordshire, England, GB",51.6289646784,-0.4736031175,2.0,26164,,obscured,True,,,Red Kite,Milvus milvus,Rotmilan,Aves,5267,51.6289646784,-0.4736031175,2020-04-17,photo_88.png
45146254,2020/04/18 12:32 PM UTC,2020-04-18,2020-04-18 12:32:00 UTC,UTC,2770400,chartshorne,2020-05-07 07:21:05 UTC,2020-05-08 22:56:20 UTC,research,CC-BY-NC,https://www.inaturalist.org/observations/45146254,https://inaturalist-open-data.s3.amazonaws.com/photos/71579302/medium.jpeg,,,,2,0,False,,"Oxfordshire, England, GB",51.6020671756,-1.0721201639,1226.0,26164,,obscured,True,,,Rotmilan,Milvus milvus,Rotmilan,Aves,5267,51.6020671756,-1.0721201639,2020-04-18,photo_89.png
45146753,2020/04/12 10:06 AM UTC,2020-04-12,,UTC,2770400,chartshorne,2020-05-07 07:37:29 UTC,2020-05-08 14:37:25 UTC,research,CC-BY-NC,https://www.inaturalist.org/observations/45146753,https://inaturalist-open-data.s3.amazonaws.com/photos/71580257/medium.jpeg,,,,3,0,False,,"Oxfordshire, England, GB",51.6021977841,-1.0011747863,1226.0,26164,,obscured,True,,,Red Kite,Milvus milvus,Rotmilan,Aves,5267,51.6021977841,-1.0011747863,2020-04-12,photo_90.png
45285251,Fri May 08 2020 14:13:27 GMT+0100 (GMT+1),2020-05-08,2020-05-08 12:13:27 UTC,Amsterdam,2440402,hullothere,2020-05-08 17:39:30 UTC,2021-06-09 23:07:58 UTC,research,CC-BY-NC,https://www.inaturalist.org/observations/45285251,https://inaturalist-open-data.s3.amazonaws.com/photos/71802519/medium.jpg,,,,2,0,False,3.0,"Buckinghamshire, England, GB",51.6926830531,-0.9688536603,357.0,26164,,obscured,True,,,Rotmilan,Milvus milvus,Rotmilan,Aves,5267,51.6926830531,-0.9688536603,2020-05-08,photo_91.png
45346108,2020-05-08T17:14:52+01:00,2020-05-08,2020-05-08 16:14:52 UTC,UTC,2931189,markallnutt,2020-05-09 08:53:25 UTC,2020-05-11 14:36:35 UTC,research,,https://www.inaturalist.org/observations/45346108,https://static.inaturalist.org/photos/71904183/medium.jpeg,,,,3,0,False,333.0,"England, GB",51.5615969075,-0.8368892675,35.0,26196,,obscured,True,,,Red Kite,Milvus milvus,Rotmilan,Aves,5267,51.5615969075,-0.8368892675,2020-05-08,photo_92.png
45396738,2020/05/09 12:05 PM UTC,2020-05-09,2020-05-09 12:05:00 UTC,UTC,2770400,chartshorne,2020-05-09 19:13:09 UTC,2020-05-11 14:34:44 UTC,research,CC-BY-NC,https://www.inaturalist.org/observations/45396738,https://inaturalist-open-data.s3.amazonaws.com/photos/71982904/medium.jpeg,,,,3,0,False,,"Oxfordshire, England, GB",51.6332639439,-1.0816453732,2.0,26164,,obscured,True,,,Red Kite,Milvus milvus,Rotmilan,Aves,5267,51.6332639439,-1.0816453732,2020-05-09,photo_93.png
45676208,2020-05-12 11:16:41 AM GMT+01:00,2020-05-12,2020-05-12 09:16:41 UTC,Amsterdam,2950823,alicep88,2020-05-12 13:06:06 UTC,2020-05-15 09:34:49 UTC,research,CC-BY-NC,https://www.inaturalist.org/observations/45676208,https://inaturalist-open-data.s3.amazonaws.com/photos/72438726/medium.jpeg,,,,2,0,False,2.0,"England, GB",51.5126784245,-0.804295306,8415.0,26196,,obscured,True,gps,gps,Red Kite,Milvus milvus,Rotmilan,Aves,5267,51.5126784245,-0.804295306,2020-05-12,photo_94.png
46265923,Sun May 17 2020 14:06:33 GMT+0100 (GMT+1),2020-05-17,2020-05-17 12:06:33 UTC,Amsterdam,908569,fieldmarshal,2020-05-17 17:54:02 UTC,2020-05-17 18:36:46 UTC,research,,https://www.inaturalist.org/observations/46265923,https://static.inaturalist.org/photos/73375505/medium.jpg,,,,1,0,False,3.0,"Buckinghamshire, England, GB",51.6684906115,-0.9145107541,5.0,26164,,obscured,True,,,Red Kite,Milvus milvus,Rotmilan,Aves,5267,51.6684906115,-0.9145107541,2020-05-17,photo_95.png
46562018,2010/05/15 1:01 AM PDT,2010-05-15,2010-05-15 08:01:00 UTC,Pacific Time (US & Canada),215669,naturesarchive,2020-05-20 02:59:23 UTC,2020-05-20 03:36:16 UTC,research,CC-BY-NC,https://www.inaturalist.org/observations/46562018,https://inaturalist-open-data.s3.amazonaws.com/photos/73848911/medium.jpg,,,"Red Kite, Wraysbury, UK",1,0,False,,"England, GB",51.5631355517,-0.5363692886,2745.0,26196,,obscured,True,,,Red Kite,Milvus milvus,Rotmilan,Aves,5267,51.5631355517,-0.5363692886,2010-05-15,photo_96.png
46698113,2020-05-21T09:04:43+01:00,2020-05-21,2020-05-21 08:04:43 UTC,UTC,2904179,baronhawkey,2020-05-21 08:04:47 UTC,2020-05-21 08:04:56 UTC,needs_id,CC-BY-NC,https://www.inaturalist.org/observations/46698113,https://inaturalist-open-data.s3.amazonaws.com/photos/74065403/medium.jpeg,,,,0,0,False,333.0,"Buckinghamshire, England, GB",51.6679506586,-0.8203489623,1299.0,26164,,obscured,True,,,,Milvus milvus,Rotmilan,Aves,5267,51.6679506586,-0.8203489623,2020-05-21,photo_97.png
46854288,Fri May 22 2020 17:05:43 GMT+0100 (GMT+1),2020-05-22,2020-05-22 15:05:43 UTC,Amsterdam,1901276,suzannegrace,2020-05-22 16:19:11 UTC,2020-05-22 16:27:25 UTC,research,CC-BY-NC,https://www.inaturalist.org/observations/46854288,https://inaturalist-open-data.s3.amazonaws.com/photos/74307459/medium.jpg,,,,1,0,False,3.0,"England, GB",51.7448208991,-1.0677962641,5.0,26164,,obscured,True,,,Red Kite,Milvus milvus,Rotmilan,Aves,5267,51.7448208991,-1.0677962641,2020-05-22,photo_98.png
46876385,Thu May 21 2020 10:53:22 GMT+0100 (GMT+1),2020-05-21,2020-05-21 08:53:22 UTC,Amsterdam,2108800,tisrel,2020-05-22 19:16:13 UTC,2021-08-20 16:32:52 UTC,research,CC-BY-NC,https://www.inaturalist.org/observations/46876385,https://inaturalist-open-data.s3.amazonaws.com/photos/74342237/medium.jpg,,,,3,0,False,3.0,"England, GB",51.7961246034,-0.6752864781,,26164,obscured,obscured,True,,,Red Kite,Milvus milvus,Rotmilan,Aves,5267,51.7961246034,-0.6752864781,2020-05-21,photo_99.png
46965204,Sat May 23 2020 13:22:56 GMT+0100 (GMT+1),2020-05-23,2020-05-23 11:22:56 UTC,Amsterdam,2896948,toughtough01,2020-05-23 13:56:13 UTC,2020-05-23 13:59:40 UTC,research,CC-BY-NC,https://www.inaturalist.org/observations/46965204,https://inaturalist-open-data.s3.amazonaws.com/photos/74484002/medium.jpg,,,,1,0,False,3.0,"England, GB",51.5755853793,-0.4466378417,222.0,26196,,obscured,True,,,Red Kite,Milvus milvus,Rotmilan,Aves,5267,51.5755853793,-0.4466378417,2020-05-23,photo_100.png
47240525,Sun May 24 2020 11:30:03 GMT+0100 (GMT+1),2020-05-24,2020-05-24 09:30:03 UTC,Amsterdam,908569,fieldmarshal,2020-05-25 07:57:54 UTC,2020-05-26 13:03:11 UTC,research,,https://www.inaturalist.org/observations/47240525,https://static.inaturalist.org/photos/74922641/medium.jpg,,,,2,0,False,3.0,"England, GB",51.66972575,-0.853551172,1291.0,26164,,obscured,True,,,Red Kite,Milvus milvus,Rotmilan,Aves,5267,51.66972575,-0.853551172,2020-05-24,photo_101.png
47750346,2020-05-29T18:08:18+01:00,2020-05-29,2020-05-29 17:08:18 UTC,Edinburgh,3004568,karank,2020-05-29 17:08:30 UTC,2020-05-30 07:19:01 UTC,research,CC-BY-NC,https://www.inaturalist.org/observations/47750346,https://inaturalist-open-data.s3.amazonaws.com/photos/75744938/medium.jpeg,,,,3,1,False,333.0,"England, GB",51.5279476158,-0.4555417151,65.0,26196,,obscured,True,,,Red Kite,Milvus milvus,Rotmilan,Aves,5267,51.5279476158,-0.4555417151,2020-05-29,photo_102.png
48041315,2020-05-31T22:08:42+01:00,2020-05-31,2020-05-31 21:08:42 UTC,UTC,3033487,panakisn,2020-05-31 21:08:50 UTC,2020-06-01 09:34:25 UTC,research,CC-BY-NC,https://www.inaturalist.org/observations/48041315,https://inaturalist-open-data.s3.amazonaws.com/photos/76206950/medium.jpeg,,,,2,0,False,333.0,"England, GB",51.7287416885,-1.0880112142,18.0,26164,,obscured,True,,,Milan royal,Milvus milvus,Rotmilan,Aves,5267,51.7287416885,-1.0880112142,2020-05-31,photo_103.png
48120081,2020/05/30 1:38 PM UTC,2020-05-30,,UTC,2895365,tobychampneys,2020-06-01 14:16:37 UTC,2020-06-01 16:11:23 UTC,research,,https://www.inaturalist.org/observations/48120081,https://static.inaturalist.org/photos/76336252/medium.jpeg,,,,3,0,False,,"England, GB",51.7030425404,-0.7060247824,1027.0,26164,,obscured,True,,,Red Kite,Milvus milvus,Rotmilan,Aves,5267,51.7030425404,-0.7060247824,2020-05-30,photo_104.png
48425962,2020-05-31T11:04:53+01:00,2020-05-31,2020-05-31 10:04:53 UTC,UTC,3117980,drdavejohnson,2020-06-04 11:41:54 UTC,2020-06-09 12:09:43 UTC,research,CC-BY-NC,https://www.inaturalist.org/observations/48425962,https://inaturalist-open-data.s3.amazonaws.com/photos/76839709/medium.jpeg,,,,3,0,False,333.0,"Hertfordshire, England, GB",51.7117028657,-0.5414165047,483.0,26164,,obscured,True,,,Red Kite,Milvus milvus,Rotmilan,Aves,5267,51.7117028657,-0.5414165047,2020-05-31,photo_105.png
48604876,2017-04-15,2017-04-15,,UTC,3130050,nedwards86,2020-06-06 01:25:02 UTC,2020-06-18 20:01:26 UTC,research,CC-BY-NC,https://www.inaturalist.org/observations/48604876,https://inaturalist-open-data.s3.amazonaws.com/photos/77129813/medium.jpg,,,,1,0,False,2.0,"England, GB",51.8447208024,-0.5505726979,171.0,26132,,obscured,True,gps,gps,Milan royal,Milvus milvus,Rotmilan,Aves,5267,51.8447208024,-0.5505726979,2017-04-15,photo_106.png
48843752,2020-03-27T13:20:27Z,2020-03-27,2020-03-27 13:20:27 UTC,UTC,2733163,pimpoapo,2020-06-07 22:18:45 UTC,2020-06-09 12:08:05 UTC,research,CC-BY-NC,https://www.inaturalist.org/observations/48843752,https://inaturalist-open-data.s3.amazonaws.com/photos/77517279/medium.jpeg,,,,2,0,False,333.0,"Buckinghamshire, England, GB",51.7855036305,-0.7794146914,18.0,26164,,obscured,True,,,Red Kite,Milvus milvus,Rotmilan,Aves,5267,51.7855036305,-0.7794146914,2020-03-27,photo_107.png
49210352,Thu Jun 11 2020 11:13:04 GMT+0100 (GMT+1),2020-06-11,2020-06-11 09:13:04 UTC,Amsterdam,3155514,sjluffs,2020-06-11 10:13:16 UTC,2020-06-11 17:48:20 UTC,research,CC-BY-NC,https://www.inaturalist.org/observations/49210352,https://inaturalist-open-data.s3.amazonaws.com/photos/78114264/medium.jpg,,,,1,0,False,3.0,"England, GB",51.5981927192,-0.5299985897,12.0,26196,,obscured,True,,,Red Kite,Milvus milvus,Rotmilan,Aves,5267,51.5981927192,-0.5299985897,2020-06-11,photo_108.png
49274839,2019-06-15 4:33:35 PM GMT+01:00,2019-06-15,2019-06-15 14:33:35 UTC,Amsterdam,3130050,nedwards86,2020-06-11 22:57:28 UTC,2020-06-14 09:09:32 UTC,research,CC-BY-NC,https://www.inaturalist.org/observations/49274839,https://inaturalist-open-data.s3.amazonaws.com/photos/78218430/medium.jpg,,,,2,0,False,2.0,"England, GB",51.8790202768,-0.4969546761,698.0,26132,,obscured,True,gps,gps,Red Kite,Milvus milvus,Rotmilan,Aves,5267,51.8790202768,-0.4969546761,2019-06-15,photo_109.png
49559452,Sun Jun 14 2020 11:53:07 GMT+0100 (GMT+1),2020-06-14,2020-06-14 09:53:07 UTC,Amsterdam,756063,akhiara,2020-06-14 10:54:22 UTC,2021-10-13 12:24:10 UTC,research,,https://www.inaturalist.org/observations/49559452,https://static.inaturalist.org/photos/78677500/medium.jpg,,,,2,0,False,3.0,"Oxfordshire, England, GB",51.7476306231,-1.0480761728,8.0,26164,,obscured,True,,,Red Kite,Milvus milvus,Rotmilan,Aves,5267,51.7476306231,-1.0480761728,2020-06-14,photo_110.png
49588300,Sun Jun 14 2020 16:33:48 GMT+0100 (GMT+1),2020-06-14,2020-06-14 14:33:48 UTC,Amsterdam,1468499,smatticus,2020-06-14 15:34:11 UTC,2020-06-14 15:34:25 UTC,needs_id,CC-BY-NC,https://www.inaturalist.org/observations/49588300,https://inaturalist-open-data.s3.amazonaws.com/photos/78721629/medium.jpg,,,,0,0,False,3.0,"England, GB",51.7460259768,-1.1416984193,16.0,26164,,obscured,True,,,,Milvus milvus,Rotmilan,Aves,5267,51.7460259768,-1.1416984193,2020-06-14,photo_111.png
49589924,Sun Jun 14 2020 16:45:30 GMT+0100 (GMT+1),2020-06-14,2020-06-14 14:45:30 UTC,Amsterdam,1468499,smatticus,2020-06-14 15:46:09 UTC,2020-06-14 15:46:56 UTC,research,CC-BY-NC,https://www.inaturalist.org/observations/49589924,https://inaturalist-open-data.s3.amazonaws.com/photos/78724262/medium.jpg,,,,1,0,False,3.0,"England, GB",51.776328477,-1.0574669256,8.0,26164,,obscured,True,,,Red Kite,Milvus milvus,Rotmilan,Aves,5267,51.776328477,-1.0574669256,2020-06-14,photo_112.png
49703636,Fri May 29 2020 12:56:15 GMT+0100 (GMT+1),2020-05-29,2020-05-29 10:56:15 UTC,Amsterdam,3173471,ryan1085,2020-06-15 11:07:23 UTC,2020-06-15 12:08:45 UTC,research,,https://www.inaturalist.org/observations/49703636,https://static.inaturalist.org/photos/78909528/medium.jpg,,,,1,0,False,3.0,"Bedfordshire, England, GB",51.8310282167,-0.5230688514,88.0,26132,,obscured,True,,,Red Kite,Milvus milvus,Rotmilan,Aves,5267,51.8310282167,-0.5230688514,2020-05-29,photo_113.png
49765885,Sun Jun 14 2020 12:16:10 GMT+0100 (GMT+1),2020-06-14,2020-06-14 10:16:10 UTC,Amsterdam,2867274,tomwakeford,2020-06-15 20:57:08 UTC,2020-06-18 07:52:22 UTC,research,,https://www.inaturalist.org/observations/49765885,https://static.inaturalist.org/photos/79008245/medium.jpg,,,,1,0,False,3.0,"England, GB",51.531932493,-0.8229561196,4.0,26196,,obscured,True,,,Red Kite,Milvus milvus,Rotmilan,Aves,5267,51.531932493,-0.8229561196,2020-06-14,photo_114.png
49841714,Tue Jun 16 2020 16:07:08 GMT+0100 (GMT+1),2020-06-16,2020-06-16 14:07:08 UTC,Amsterdam,2401694,williamstephens56,2020-06-16 15:10:52 UTC,2020-06-16 15:16:52 UTC,research,CC-BY,https://www.inaturalist.org/observations/49841714,https://inaturalist-open-data.s3.amazonaws.com/photos/79133833/medium.jpg,,,,1,0,False,3.0,"Buckinghamshire, England, GB",51.6301003924,-0.7698161649,5.0,26164,,obscured,True,,,Red Kite,Milvus milvus,Rotmilan,Aves,5267,51.6301003924,-0.7698161649,2020-06-16,photo_115.png
49995873,2020-06-17 7:14:10 PM GMT+01:00,2020-06-17,2020-06-17 17:14:10 UTC,Amsterdam,3130050,nedwards86,2020-06-17 23:26:29 UTC,2021-10-10 19:48:12 UTC,research,CC-BY-NC,https://www.inaturalist.org/observations/49995873,https://inaturalist-open-data.s3.amazonaws.com/photos/79381978/medium.jpg,,,,2,0,False,2.0,"England, GB",51.8052407357,-0.4798596351,147.0,26132,,obscured,True,gps,gps,Red Kite,Milvus milvus,Rotmilan,Aves,5267,51.8052407357,-0.4798596351,2020-06-17,photo_116.png
51110872,2020-06-27 5:24:32 PM GMT+01:00,2020-06-27,2020-06-27 15:24:32 UTC,Amsterdam,2968879,josephmoss,2020-06-27 16:28:51 UTC,2020-06-27 19:54:09 UTC,research,CC-BY-NC,https://www.inaturalist.org/observations/51110872,https://inaturalist-open-data.s3.amazonaws.com/photos/81188645/medium.jpg,,,,2,0,False,2.0,"England, GB",51.572747173,-0.8406786569,,26196,,obscured,True,gps,gps,Red Kite,Milvus milvus,Rotmilan,Aves,5267,51.572747173,-0.8406786569,2020-06-27,photo_117.png
51163582,2020-06-27 5:14:24 PM GMT+01:00,2020-06-27,2020-06-27 15:14:24 UTC,Amsterdam,1682331,hippy_linguist,2020-06-27 23:29:50 UTC,2021-08-28 16:09:49 UTC,research,,https://www.inaturalist.org/observations/51163582,https://static.inaturalist.org/photos/81273054/medium.jpeg,,,,2,0,False,2.0,"England, GB",51.6639200019,-0.9057970727,,26164,,obscured,True,gps,gps,Red Kite,Milvus milvus,Rotmilan,Aves,5267,51.6639200019,-0.9057970727,2020-06-27,photo_118.png
51514241,Sun Jul 19 2015 17:25:58 GMT+0100 (GMT+1),2015-07-19,2015-07-19 15:25:58 UTC,Amsterdam,3226229,nedursley,2020-06-30 20:54:58 UTC,2020-06-30 21:27:01 UTC,research,CC-BY-NC,https://www.inaturalist.org/observations/51514241,https://inaturalist-open-data.s3.amazonaws.com/photos/81852986/medium.jpg,,,,1,0,False,3.0,"Buckinghamshire, England, GB",51.7392482679,-0.9336191776,3720.0,26164,,obscured,True,,,Red Kite,Milvus milvus,Rotmilan,Aves,5267,51.7392482679,-0.9336191776,2015-07-19,photo_119.png
52775971,2020/07/11 2:35 PM UTC,2020-07-11,,UTC,2770400,chartshorne,2020-07-12 08:35:52 UTC,2020-07-12 09:05:00 UTC,research,CC-BY-NC,https://www.inaturalist.org/observations/52775971,https://inaturalist-open-data.s3.amazonaws.com/photos/83916241/medium.jpeg,,,,2,0,False,,"Oxfordshire, England, GB",51.6345446789,-1.1389954652,2.0,26164,,obscured,True,,,Rotmilan,Milvus milvus,Rotmilan,Aves,5267,51.6345446789,-1.1389954652,2020-07-11,photo_120.png
53188243,Sat Jun 20 2020 14:48:01 GMT+0100 (GMT+1),2020-06-20,2020-06-20 12:48:01 UTC,Amsterdam,1450851,remington77,2020-07-15 19:52:51 UTC,2020-07-22 14:05:21 UTC,research,,https://www.inaturalist.org/observations/53188243,https://static.inaturalist.org/photos/84581642/medium.jpg,,,,3,0,False,3.0,"England, GB",51.5616644947,-0.9392315937,22.0,26196,,obscured,True,,,Red Kite,Milvus milvus,Rotmilan,Aves,5267,51.5616644947,-0.9392315937,2020-06-20,photo_121.png
53427282,2016/03/13 2:03 PM EDT,2016-03-13,2016-03-13 18:03:00 UTC,Eastern Time (US & Canada),355844,dms215,2020-07-18 01:16:29 UTC,2020-07-22 14:03:03 UTC,research,CC-BY-NC,https://www.inaturalist.org/observations/53427282,https://inaturalist-open-data.s3.amazonaws.com/photos/84974637/medium.jpeg,,,,2,0,False,,"England, GB",51.5657575189,-0.5588386122,,26196,,obscured,True,,,isohaarahaukka,Milvus milvus,Rotmilan,Aves,5267,51.5657575189,-0.5588386122,2016-03-13,photo_122.png
55009376,2020-08-01T07:41:41+01:00,2020-08-01,2020-08-01 06:41:41 UTC,London,3220198,goldenarrow74,2020-08-01 06:41:56 UTC,2020-08-01 06:42:04 UTC,needs_id,CC-BY-NC,https://www.inaturalist.org/observations/55009376,https://inaturalist-open-data.s3.amazonaws.com/photos/87565409/medium.jpeg,,,,0,0,False,333.0,"England, GB",51.6781762995,-0.901158209,,26164,,obscured,True,,,,Milvus milvus,Rotmilan,Aves,5267,51.6781762995,-0.901158209,2020-08-01,photo_123.png
55191673,Sun Jul 31 2016 12:36:13 GMT+0100 (GMT+1),2016-07-31,2016-07-31 10:36:13 UTC,Amsterdam,2645565,floatinggarden,2020-08-02 19:15:32 UTC,2020-08-03 16:34:46 UTC,research,CC-BY-NC,https://www.inaturalist.org/observations/55191673,https://inaturalist-open-data.s3.amazonaws.com/photos/87864183/medium.jpg,,,Camping and Caravanning site feeding birds ,2,0,False,3.0,"England, GB",51.7325746945,-0.8737335942,142.0,26164,,obscured,True,,,Red Kite,Milvus milvus,Rotmilan,Aves,5267,51.7325746945,-0.8737335942,2016-07-31,photo_124.png
57014471,Mon Aug 17 2020 12:07:59 GMT+0100 (GMT+1),2020-08-17,2020-08-17 10:07:59 UTC,Amsterdam,756063,akhiara,2020-08-20 11:27:45 UTC,2020-08-22 07:49:54 UTC,research,,https://www.inaturalist.org/observations/57014471,https://static.inaturalist.org/photos/90909132/medium.jpg,,,,1,0,False,3.0,"Oxfordshire, England, GB",51.7037707961,-1.1140763712,8.0,26164,,obscured,True,,,Red Kite,Milvus milvus,Rotmilan,Aves,5267,51.7037707961,-1.1140763712,2020-08-17,photo_125.png
57817065,2020/08/27 10:38 AM BST,2020-08-27,2020-08-27 09:38:00 UTC,Edinburgh,2727560,saltwellsbirder,2020-08-28 11:00:11 UTC,2020-08-28 14:31:08 UTC,research,CC-BY-NC,https://www.inaturalist.org/observations/57817065,https://inaturalist-open-data.s3.amazonaws.com/photos/92256000/medium.jpg,,,,2,0,False,,"England, GB",51.6197193876,-0.9310584989,31.0,26164,,obscured,True,,,Red Kite,Milvus milvus,Rotmilan,Aves,5267,51.6197193876,-0.9310584989,2020-08-27,photo_126.png
58136520,2019/05/20 9:29 AM BST,2019-05-20,2019-05-20 08:29:00 UTC,Edinburgh,2573975,aslan1758,2020-08-31 11:49:18 UTC,2020-09-11 14:22:48 UTC,research,,https://www.inaturalist.org/observations/58136520,https://static.inaturalist.org/photos/92792300/medium.jpeg,,"UK, Oxfordshire, Birds, Kites, Red kite, Flight, Wild",Red kite (Milvus milvus),4,0,False,,"England, GB",51.6114971845,-0.9687800917,,26164,,obscured,True,,,Red Kite,Milvus milvus,Rotmilan,Aves,5267,51.6114971845,-0.9687800917,2019-05-20,photo_127.png
58414005,2020/04/05 4:41 PM BST,2020-04-05,2020-04-05 15:41:00 UTC,Edinburgh,3550387,quadrant2,2020-09-03 14:03:24 UTC,2020-09-03 18:48:37 UTC,research,CC-BY-NC,https://www.inaturalist.org/observations/58414005,https://inaturalist-open-data.s3.amazonaws.com/photos/93259725/medium.jpeg,,,,3,0,False,,"England, GB",51.5817235634,-0.8236605919,61.0,26196,,obscured,True,,,Red Kite,Milvus milvus,Rotmilan,Aves,5267,51.5817235634,-0.8236605919,2020-04-05,photo_128.png
59368816,2020-09-12 11:18:00 AM GMT+01:00,2020-09-12,2020-09-12 09:18:00 UTC,Amsterdam,2732051,charlenejones,2020-09-12 21:03:55 UTC,2020-09-13 05:44:07 UTC,research,,https://www.inaturalist.org/observations/59368816,https://static.inaturalist.org/photos/94854272/medium.jpeg,,,,1,0,False,2.0,"England, GB",51.6073866799,-0.8685115328,,26164,,obscured,True,gps,gps,Rotmilan,Milvus milvus,Rotmilan,Aves,5267,51.6073866799,-0.8685115328,2020-09-12,photo_129.png
61105588,2020-09-12 6:32:11 PM GMT+01:00,2020-09-12,2020-09-12 16:32:11 UTC,Amsterdam,2829793,katu1,2020-09-28 15:11:14 UTC,2021-10-13 16:04:39 UTC,research,,https://www.inaturalist.org/observations/61105588,https://static.inaturalist.org/photos/97750786/medium.jpeg,,,,1,0,False,2.0,"England, GB",51.6546588094,-0.8507248062,1890.0,26164,,obscured,True,gps,gps,Red Kite,Milvus milvus,Rotmilan,Aves,5267,51.6546588094,-0.8507248062,2020-09-12,photo_130.png
61342252,2017/04/09 6:24 AM EDT,2017-04-09,2017-04-09 10:24:00 UTC,Eastern Time (US & Canada),148169,jbourget,2020-09-30 22:08:29 UTC,2020-10-03 21:30:26 UTC,research,CC-BY-NC,https://www.inaturalist.org/observations/61342252,https://inaturalist-open-data.s3.amazonaws.com/photos/98139719/medium.jpeg,,,,2,0,False,,"England, GB",51.4906747742,-0.4937626181,,26196,,obscured,True,,,Milvus milvus,Milvus milvus,Rotmilan,Aves,5267,51.4906747742,-0.4937626181,2017-04-09,photo_131.png
61371234,2020/09/29 3:02 PM BST,2020-09-29,2020-09-29 14:02:00 UTC,London,1029261,birdmanuk68,2020-10-01 05:36:03 UTC,2020-10-11 09:39:04 UTC,research,CC-BY-NC,https://www.inaturalist.org/observations/61371234,https://inaturalist-open-data.s3.amazonaws.com/photos/98199536/medium.jpg,,"Raptors, Woodoaks Farm, Hertfordshire, UK",,4,0,False,,"England, GB",51.6115503853,-0.5717603105,8.0,26164,,obscured,True,,,Красный коршун,Milvus milvus,Rotmilan,Aves,5267,51.6115503853,-0.5717603105,2020-09-29,photo_132.png
62282718,Sat Oct 10 2020 17:42:59 GMT+0100 (GMT+1),2020-10-10,2020-10-10 15:42:59 UTC,Amsterdam,3401157,derrytaylor,2020-10-11 10:07:50 UTC,2020-10-12 11:25:18 UTC,research,,https://www.inaturalist.org/observations/62282718,https://static.inaturalist.org/photos/99772747/medium.jpg,,,,1,0,False,3.0,"England, GB",51.8425856309,-0.9551935124,5.0,26132,,obscured,True,,,Red Kite,Milvus milvus,Rotmilan,Aves,5267,51.8425856309,-0.9551935124,2020-10-10,photo_133.png
62283048,Mon Oct 05 2020 09:13:17 GMT+0100 (GMT+1),2020-10-05,2020-10-05 07:13:17 UTC,Amsterdam,3565805,thebexsweet,2020-10-11 10:16:35 UTC,2021-04-25 10:01:33 UTC,research,,https://www.inaturalist.org/observations/62283048,https://static.inaturalist.org/photos/99773329/medium.jpg,,,,1,0,False,3.0,"England, GB",51.698030334,-0.4509369841,34.0,26164,,obscured,True,,,Red Kite,Milvus milvus,Rotmilan,Aves,5267,51.698030334,-0.4509369841,2020-10-05,photo_134.png
62301929,Sun Oct 11 2020 15:01:29 GMT+0100 (GMT+1),2020-10-11,2020-10-11 13:01:29 UTC,Amsterdam,1145600,eden12,2020-10-11 15:02:06 UTC,2020-10-13 14:53:59 UTC,research,,https://www.inaturalist.org/observations/62301929,https://static.inaturalist.org/photos/99804980/medium.jpg,,,,3,0,False,3.0,"England, GB",51.6609262522,-0.6078654164,385.0,26164,,obscured,True,,,Red Kite,Milvus milvus,Rotmilan,Aves,5267,51.6609262522,-0.6078654164,2020-10-11,photo_135.png
63541957,2013/08/30 12:01 PM BST,2013-08-30,2013-08-30 11:01:00 UTC,London,2570306,joeholt,2020-10-26 02:17:52 UTC,2020-10-26 05:20:13 UTC,research,,https://www.inaturalist.org/observations/63541957,https://inaturalist-open-data.s3.amazonaws.com/photos/101986114/medium.jpeg,,, ,1,0,False,,"Oxfordshire, England, GB",51.6048579443,-1.0690676023,122.0,26164,,obscured,True,,,Rotmilan,Milvus milvus,Rotmilan,Aves,5267,51.6048579443,-1.0690676023,2013-08-30,photo_136.png
64230030,Thu Nov 05 2020 11:02:49 GMT+0000 (GMT),2020-11-05,2020-11-05 11:02:49 UTC,UTC,2635370,donalmcgurk,2020-11-05 11:03:56 UTC,2020-11-05 12:33:24 UTC,research,CC-BY-NC,https://www.inaturalist.org/observations/64230030,https://inaturalist-open-data.s3.amazonaws.com/photos/103228895/medium.jpg,,,,1,0,False,3.0,"Oxfordshire, England, GB",51.7081591857,-1.103419732,65.0,26164,,obscured,True,,,Rotmilan,Milvus milvus,Rotmilan,Aves,5267,51.7081591857,-1.103419732,2020-11-05,photo_137.png
64250050,2020/11/03 2:07 PM GMT,2020-11-03,2020-11-03 14:07:00 UTC,London,1029261,birdmanuk68,2020-11-05 18:45:17 UTC,2020-11-14 09:20:32 UTC,research,CC-BY-NC,https://www.inaturalist.org/observations/64250050,https://inaturalist-open-data.s3.amazonaws.com/photos/103263258/medium.jpg,,,,5,0,False,,"England, GB",51.6416369789,-0.64520227,61.0,26164,,obscured,True,,,Red Kite,Milvus milvus,Rotmilan,Aves,5267,51.6416369789,-0.64520227,2020-11-03,photo_138.png
64262974,2017/05/29 10:00 AM BST,2017-05-29,2017-05-29 09:00:00 UTC,Edinburgh,3793572,scompeti,2020-11-05 22:04:46 UTC,2020-11-08 11:07:41 UTC,research,CC-BY-NC,https://www.inaturalist.org/observations/64262974,https://inaturalist-open-data.s3.amazonaws.com/photos/103286707/medium.jpeg,,,,3,0,False,,"Oxfordshire, England, GB",51.8426446971,-1.1155396267,172.0,26132,,obscured,True,,,Rode wouw,Milvus milvus,Rotmilan,Aves,5267,51.8426446971,-1.1155396267,2017-05-29,photo_139.png
65343903,2020-11-21 3:11:27 PM GMT+00:00,2020-11-21,2020-11-21 15:11:27 UTC,Edinburgh,3130050,nedwards86,2020-11-21 18:00:06 UTC,2020-11-23 20:00:47 UTC,research,CC-BY-NC,https://www.inaturalist.org/observations/65343903,https://inaturalist-open-data.s3.amazonaws.com/photos/105154202/medium.jpeg,,,,2,0,False,2.0,"England, GB",51.8222326557,-0.4635823735,1344.0,26132,,obscured,True,gps,gps,Rotmilan,Milvus milvus,Rotmilan,Aves,5267,51.8222326557,-0.4635823735,2020-11-21,photo_140.png
66142713,2020-11-01 1:33:48 PM GMT+00:00,2020-11-01,2020-11-01 13:33:48 UTC,Edinburgh,3310757,mbnvcxz,2020-12-05 16:57:34 UTC,2020-12-12 14:23:41 UTC,research,CC-BY-NC,https://www.inaturalist.org/observations/66142713,https://inaturalist-open-data.s3.amazonaws.com/photos/106562473/medium.jpeg,,,,3,0,False,2.0,"Bedfordshire, England, GB",51.8693614268,-0.4763238514,289.0,26132,,obscured,True,gps,gps,Red Kite,Milvus milvus,Rotmilan,Aves,5267,51.8693614268,-0.4763238514,2020-11-01,photo_141.png
66472274,2020/05/28 5:24 PM BST,2020-05-28,2020-05-28 16:24:00 UTC,Edinburgh,2875078,garyarmstrong,2020-12-12 17:16:28 UTC,2020-12-12 17:32:56 UTC,research,CC-BY-NC,https://www.inaturalist.org/observations/66472274,https://inaturalist-open-data.s3.amazonaws.com/photos/107165496/medium.jpg,,,noumber 4 j peg,3,1,False,,"England, GB",51.7103702004,-0.4344159782,176.0,26164,,obscured,True,,,Milano real,Milvus milvus,Rotmilan,Aves,5267,51.7103702004,-0.4344159782,2020-05-28,photo_142.png
67457264,Wed Dec 30 2020 15:30:00 GMT+0000 (GMT),2020-12-30,2020-12-30 15:30:00 UTC,UTC,2440402,hullothere,2021-01-02 14:34:30 UTC,2021-06-09 23:07:58 UTC,research,CC-BY-NC,https://www.inaturalist.org/observations/67457264,https://inaturalist-open-data.s3.amazonaws.com/photos/108991830/medium.jpg,,,,3,0,False,3.0,"Buckinghamshire, England, GB",51.6707075586,-0.8659536063,5.0,26164,,obscured,True,,,Red Kite,Milvus milvus,Rotmilan,Aves,5267,51.6707075586,-0.8659536063,2020-12-30,photo_143.png
67704806,Thu Jan 07 2021 13:42:35 GMT+0000 (GMT),2021-01-07,2021-01-07 13:42:35 UTC,UTC,2839572,meg_impey,2021-01-07 13:43:15 UTC,2021-09-01 16:57:10 UTC,research,CC-BY-NC,https://www.inaturalist.org/observations/67704806,https://inaturalist-open-data.s3.amazonaws.com/photos/109458084/medium.jpg,,,,3,0,False,3.0,"Hertfordshire, England, GB",51.7542239788,-0.5291915654,5.0,26164,,obscured,True,,,Nibbio reale,Milvus milvus,Rotmilan,Aves,5267,51.7542239788,-0.5291915654,2021-01-07,photo_144.png
67792461,2021-01-09 1:11:30 PM GMT,2021-01-09,2021-01-09 13:11:30 UTC,UTC,2652804,matt870,2021-01-09 13:18:31 UTC,2021-05-05 19:28:20 UTC,research,,https://www.inaturalist.org/observations/67792461,https://static.inaturalist.org/photos/109623248/medium.jpeg,,,,1,0,False,2.0,"England, GB",51.4719618957,-1.0659637355,6.0,26196,,obscured,True,gps,gps,Red Kite,Milvus milvus,Rotmilan,Aves,5267,51.4719618957,-1.0659637355,2021-01-09,photo_145.png
68231608,2021-01-17 12:50:02 PM GMT,2021-01-17,2021-01-17 12:50:02 UTC,London,2102749,nico34r,2021-01-17 20:36:14 UTC,2021-01-24 18:45:56 UTC,research,,https://www.inaturalist.org/observations/68231608,https://inaturalist-open-data.s3.amazonaws.com/photos/110427931/medium.jpeg,,,,3,0,False,2.0,"England, GB",51.5874339384,-0.6676270082,186.0,26196,,obscured,True,,,Red Kite,Milvus milvus,Rotmilan,Aves,5267,51.5874339384,-0.6676270082,2021-01-17,photo_146.png
68590327,2021/01/23 5:04 PM GMT,2021-01-23,2021-01-23 17:04:00 UTC,Europe/London,215911,rjdee88888,2021-01-25 08:04:03 UTC,2021-01-27 12:52:35 UTC,research,CC-BY-NC,https://www.inaturalist.org/observations/68590327,https://inaturalist-open-data.s3.amazonaws.com/photos/111104036/medium.jpeg,,,,1,0,False,,"England, GB",51.506370884,-0.5655023508,100.0,26196,,obscured,True,,,Red Kite,Milvus milvus,Rotmilan,Aves,5267,51.506370884,-0.5655023508,2021-01-23,photo_147.png
69423207,2021/02/11 9:26 AM MST,2021-02-11,2021-02-11 16:26:00 UTC,Arizona,770371,janeyd,2021-02-11 19:59:17 UTC,2021-02-11 19:59:54 UTC,research,,https://www.inaturalist.org/observations/69423207,https://static.inaturalist.org/photos/112635442/medium.jpeg,,,,1,0,False,,"Oxfordshire, England, GB",51.883625203,-1.007500799,61.0,26132,,obscured,True,,,Rotmilan,Milvus milvus,Rotmilan,Aves,5267,51.883625203,-1.007500799,2021-02-11,photo_148.png
69973899,2016-02-16 11:45:00 AM EST,2016-02-16,2016-02-16 16:45:00 UTC,Eastern Time (US & Canada),1514188,zacpeterson,2021-02-22 06:55:13 UTC,2021-02-22 07:24:28 UTC,research,CC-BY-NC,https://www.inaturalist.org/observations/69973899,https://inaturalist-open-data.s3.amazonaws.com/photos/113666090/medium.jpeg,,,,2,0,False,2.0,"England, GB",51.5565443938,-0.7412655721,103.0,26196,,obscured,True,gps,gps,Milan royal,Milvus milvus,Rotmilan,Aves,5267,51.5565443938,-0.7412655721,2016-02-16,photo_149.png
69980958,2021-02-21 6:42:55 PM GMT,2021-02-21,2021-02-21 18:42:55 UTC,London,2102749,nico34r,2021-02-22 11:55:12 UTC,2021-02-23 17:52:23 UTC,research,,https://www.inaturalist.org/observations/69980958,https://inaturalist-open-data.s3.amazonaws.com/photos/113679387/medium.jpeg,,,,4,0,False,2.0,"England, GB",51.5907651213,-0.7825854435,54.0,26196,,obscured,True,gps,gps,Red Kite,Milvus milvus,Rotmilan,Aves,5267,51.5907651213,-0.7825854435,2021-02-21,photo_150.png
69982159,2021/02/15 3:09 AM GMT,2021-02-15,2021-02-15 03:09:00 UTC,Edinburgh,2875078,garyarmstrong,2021-02-22 12:43:17 UTC,2021-02-22 20:01:16 UTC,research,CC-BY-NC,https://www.inaturalist.org/observations/69982159,https://inaturalist-open-data.s3.amazonaws.com/photos/113681446/medium.jpeg,,wood oaks farm,,4,0,False,,"England, GB",51.6238150857,-0.5635284282,15.0,26164,,obscured,True,,,Milan royal,Milvus milvus,Rotmilan,Aves,5267,51.6238150857,-0.5635284282,2021-02-15,photo_151.png
70057280,2021/02/23 3:28 PM GMT,2021-02-23,2021-02-23 15:28:00 UTC,Edinburgh,3024048,pilmar,2021-02-23 21:52:57 UTC,2021-02-24 07:02:44 UTC,research,CC-BY-NC,https://www.inaturalist.org/observations/70057280,https://inaturalist-open-data.s3.amazonaws.com/photos/113817136/medium.jpg,,,,1,0,False,,"England, GB",51.640444131,-0.6449802488,82.0,26164,,obscured,True,,,Red Kite,Milvus milvus,Rotmilan,Aves,5267,51.640444131,-0.6449802488,2021-02-23,photo_152.png
70203465,2021/02/26 4:28 PM MST,2021-02-26,2021-02-26 23:28:00 UTC,Arizona,770371,janeyd,2021-02-26 17:00:15 UTC,2021-02-26 17:05:39 UTC,research,,https://www.inaturalist.org/observations/70203465,https://static.inaturalist.org/photos/114077153/medium.jpeg,,,,1,0,False,,"Oxfordshire, England, GB",51.829080329,-1.0476890997,15.0,26132,,obscured,True,,,Red Kite,Milvus milvus,Rotmilan,Aves,5267,51.829080329,-1.0476890997,2021-02-26,photo_153.png
70454087,Tue Mar 02 2021 16:16:08 GMT+0000 (GMT),2021-03-02,2021-03-02 16:16:08 UTC,Edinburgh,2772246,jf2135,2021-03-02 17:20:56 UTC,2021-03-02 17:31:14 UTC,research,CC-BY-NC,https://www.inaturalist.org/observations/70454087,https://inaturalist-open-data.s3.amazonaws.com/photos/114541790/medium.jpg,,,,1,0,False,3.0,"Oxfordshire, England, GB",51.703640823,-1.100928971,622.0,26164,,obscured,True,,,Red Kite,Milvus milvus,Rotmilan,Aves,5267,51.703640823,-1.100928971,2021-03-02,photo_154.png
70556078,2021-03-01 4:02:06 PM GMT,2021-03-01,2021-03-01 16:02:06 UTC,Edinburgh,4008239,kate_harding,2021-03-04 15:09:33 UTC,2021-03-04 19:46:37 UTC,research,CC-BY-NC,https://www.inaturalist.org/observations/70556078,https://inaturalist-open-data.s3.amazonaws.com/photos/114726356/medium.jpeg,,,,1,0,False,2.0,"England, GB",51.7773342417,-0.5370146478,,26164,,obscured,True,,,Red Kite,Milvus milvus,Rotmilan,Aves,5267,51.7773342417,-0.5370146478,2021-03-01,photo_155.png
70675031,Mon Mar 01 2021 15:47:44 GMT+0000 (GMT),2021-03-01,2021-03-01 15:47:44 UTC,UTC,4050688,birdwatchingbird,2021-03-06 17:29:23 UTC,2021-03-06 19:40:07 UTC,research,CC-BY-NC,https://www.inaturalist.org/observations/70675031,https://inaturalist-open-data.s3.amazonaws.com/photos/114938112/medium.jpg,,,,2,0,False,3.0,"England, GB",51.5079103667,-0.76418937,8.0,26196,,obscured,True,,,Red Kite,Milvus milvus,Rotmilan,Aves,5267,51.5079103667,-0.76418937,2021-03-01,photo_156.png
72430541,2021-03-29 2:01:00 PM GMT+01:00,2021-03-29,2021-03-29 12:01:00 UTC,Amsterdam,2650381,beverlymanz,2021-03-30 09:02:13 UTC,2021-03-30 10:12:46 UTC,research,,https://www.inaturalist.org/observations/72430541,https://static.inaturalist.org/photos/118091679/medium.jpeg,,,,2,0,False,2.0,"England, GB",51.8797951459,-0.7428023212,228.0,26132,,obscured,True,gps,gps,Red Kite,Milvus milvus,Rotmilan,Aves,5267,51.8797951459,-0.7428023212,2021-03-29,photo_157.png
72448112,Tue Mar 30 2021 14:12:25 GMT+0100 (GMT+1),2021-03-30,2021-03-30 12:12:25 UTC,Amsterdam,760076,chelsea67,2021-03-30 15:30:20 UTC,2021-09-23 12:41:43 UTC,research,CC-BY-NC,https://www.inaturalist.org/observations/72448112,https://inaturalist-open-data.s3.amazonaws.com/photos/118121715/medium.jpg,,,,1,0,False,3.0,"Oxfordshire, England, GB",51.7963757429,-1.1194758612,49.0,26164,,obscured,True,,,Red Kite,Milvus milvus,Rotmilan,Aves,5267,51.7963757429,-1.1194758612,2021-03-30,photo_158.png
72481858,2021-03-30 12:59:12 PM GMT+01:00,2021-03-30,2021-03-30 10:59:12 UTC,Amsterdam,4159715,tbeale,2021-03-30 22:21:55 UTC,2021-05-05 09:23:07 UTC,research,CC-BY,https://www.inaturalist.org/observations/72481858,https://inaturalist-open-data.s3.amazonaws.com/photos/118181095/medium.jpeg,,,,2,0,False,2.0,"England, GB",51.5280826789,-0.8532616449,12.0,26196,,obscured,True,gps,gps,Red Kite,Milvus milvus,Rotmilan,Aves,5267,51.5280826789,-0.8532616449,2021-03-30,photo_159.png
72538742,2018-02-06,2018-02-06,,London,3130050,nedwards86,2021-03-31 16:55:45 UTC,2021-03-31 17:01:42 UTC,research,CC-BY-NC,https://www.inaturalist.org/observations/72538742,https://inaturalist-open-data.s3.amazonaws.com/photos/118284121/medium.jpeg,,,,1,0,False,2.0,"England, GB",51.8484991183,-0.5628975014,113.0,26132,,obscured,True,gps,gps,isohaarahaukka,Milvus milvus,Rotmilan,Aves,5267,51.8484991183,-0.5628975014,2018-02-06,photo_160.png
72898587,2021-04-04 4:31:12 PM GMT+01:00,2021-04-04,2021-04-04 14:31:12 UTC,Amsterdam,3399168,fivebeasts,2021-04-04 15:36:16 UTC,2021-04-06 09:24:27 UTC,research,,https://www.inaturalist.org/observations/72898587,https://static.inaturalist.org/photos/118939718/medium.jpeg,,,,1,0,False,2.0,"England, GB",51.5470096561,-0.6629472073,10.0,26196,,obscured,True,,,Red Kite,Milvus milvus,Rotmilan,Aves,5267,51.5470096561,-0.6629472073,2021-04-04,photo_161.png
73636430,Sun Apr 11 2021 17:59:09 GMT +0100 (GMT+1),2021-04-11,2021-04-11 15:59:09 UTC,Amsterdam,2545063,sandynicholson,2021-04-11 17:08:15 UTC,2021-04-11 20:47:56 UTC,research,,https://www.inaturalist.org/observations/73636430,https://inaturalist-open-data.s3.amazonaws.com/photos/120246918/medium.jpeg,,,,2,0,False,333.0,"Buckinghamshire, England, GB",51.6582434199,-0.9962693843,65.0,26164,,obscured,True,,,Red Kite,Milvus milvus,Rotmilan,Aves,5267,51.6582434199,-0.9962693843,2021-04-11,photo_162.png
73737670,2021/04/12 8:33 AM BST,2021-04-12,2021-04-12 07:33:00 UTC,London,2401694,williamstephens56,2021-04-12 13:10:28 UTC,2021-04-12 18:16:11 UTC,research,CC-BY,https://www.inaturalist.org/observations/73737670,https://inaturalist-open-data.s3.amazonaws.com/photos/120423125/medium.jpg,,"2021, Birds, Buckinghamshire, England, Europe, Hawks Eagles and Kites, Ivinghoe Beacon, Milvus milvus, Red Kite, UK, _year_",,1,0,False,,"England, GB",51.802267587,-0.678204243,,26132,,obscured,True,,,Red Kite,Milvus milvus,Rotmilan,Aves,5267,51.802267587,-0.678204243,2021-04-12,photo_163.png
73760690,Mon Apr 12 2021 17:07:13 GMT+0100 (GMT+1),2021-04-12,2021-04-12 15:07:13 UTC,Amsterdam,382423,nick88,2021-04-12 17:43:02 UTC,2021-07-26 23:24:08 UTC,research,,https://www.inaturalist.org/observations/73760690,https://static.inaturalist.org/photos/120466162/medium.jpg,,,,1,0,False,3.0,"England, GB",51.6277105948,-0.6060621071,4.0,26164,,obscured,True,,,Red Kite,Milvus milvus,Rotmilan,Aves,5267,51.6277105948,-0.6060621071,2021-04-12,photo_164.png
73989597,Wed Apr 14 2021 13:07:50 GMT+0100 (GMT+1),2021-04-14,2021-04-14 11:07:50 UTC,Amsterdam,382423,nick88,2021-04-14 22:42:44 UTC,2021-07-26 23:24:08 UTC,research,,https://www.inaturalist.org/observations/73989597,https://static.inaturalist.org/photos/120872480/medium.jpg,,,,1,0,False,3.0,"England, GB",51.7394445196,-0.8023711324,4.0,26164,,obscured,True,,,Red Kite,Milvus milvus,Rotmilan,Aves,5267,51.7394445196,-0.8023711324,2021-04-14,photo_165.png
74404074,Sat Jun 17 2017 12:56:10 GMT+0100 (GMT+1),2017-06-17,2017-06-17 10:56:10 UTC,Amsterdam,4232224,jonboran,2021-04-18 18:12:55 UTC,2021-04-18 20:17:10 UTC,research,CC-BY-NC,https://www.inaturalist.org/observations/74404074,https://inaturalist-open-data.s3.amazonaws.com/photos/121597884/medium.jpg,,,,1,0,False,3.0,"Oxfordshire, England, GB",51.6517071215,-1.1327767121,,26164,,obscured,True,,,Red Kite,Milvus milvus,Rotmilan,Aves,5267,51.6517071215,-1.1327767121,2017-06-17,photo_166.png
74406193,Sat Apr 17 2021 09:54:42 GMT+0100 (GMT+1),2021-04-17,2021-04-17 07:54:42 UTC,Amsterdam,3399728,critteros,2021-04-18 18:26:33 UTC,2021-04-27 21:56:20 UTC,research,CC-BY-NC,https://www.inaturalist.org/observations/74406193,https://inaturalist-open-data.s3.amazonaws.com/photos/121601310/medium.jpg,,,,1,0,False,3.0,"England, GB",51.5060299952,-0.4650246901,230.0,26196,,obscured,True,,,Red Kite,Milvus milvus,Rotmilan,Aves,5267,51.5060299952,-0.4650246901,2021-04-17,photo_167.png
74514313,2021-04-19 3:02:44 PM GMT+01:00,2021-04-19,2021-04-19 13:02:44 UTC,Amsterdam,1673214,bombdisposalboy,2021-04-19 14:03:39 UTC,2021-04-27 19:41:59 UTC,research,CC-BY-NC,https://www.inaturalist.org/observations/74514313,https://inaturalist-open-data.s3.amazonaws.com/photos/121886325/medium.jpeg,,,,1,0,False,2.0,"England, GB",51.4732582773,-0.5957728094,8.0,26196,,obscured,True,gps,gps,Luňák červený,Milvus milvus,Rotmilan,Aves,5267,51.4732582773,-0.5957728094,2021-04-19,photo_168.png
74821256,2021/04/19 6:05 PM BST,2021-04-19,2021-04-19 17:05:00 UTC,London,1411960,mandapanda,2021-04-22 10:06:46 UTC,2021-04-22 14:11:46 UTC,research,CC-BY-NC,https://www.inaturalist.org/observations/74821256,https://inaturalist-open-data.s3.amazonaws.com/photos/122336052/medium.jpeg,,,,1,0,False,,"England, GB",51.4742932289,-0.5900320797,,26196,,obscured,True,,,Red Kite,Milvus milvus,Rotmilan,Aves,5267,51.4742932289,-0.5900320797,2021-04-19,photo_169.png
75064643,2021/04/24 12:06 PM BST,2021-04-24,2021-04-24 11:06:00 UTC,Edinburgh,3024048,pilmar,2021-04-24 17:50:46 UTC,2021-04-26 09:28:54 UTC,research,CC-BY-NC,https://www.inaturalist.org/observations/75064643,https://inaturalist-open-data.s3.amazonaws.com/photos/122759980/medium.jpg,,,,1,0,False,,"England, GB",51.56657314,-0.5927185799,,26196,,obscured,True,,,Red Kite,Milvus milvus,Rotmilan,Aves,5267,51.56657314,-0.5927185799,2021-04-24,photo_170.png
76252072,2021-05-01 16:03:05,2021-05-01,2021-05-01 15:03:05 UTC,London,3130050,nedwards86,2021-05-01 19:26:06 UTC,2021-05-01 19:52:01 UTC,research,CC-BY-NC,https://www.inaturalist.org/observations/76252072,https://inaturalist-open-data.s3.amazonaws.com/photos/124739411/medium.jpeg,,,,1,0,False,2.0,"England, GB",51.8581073119,-0.5932914424,129.0,26132,,obscured,True,gps,gps,Red Kite,Milvus milvus,Rotmilan,Aves,5267,51.8581073119,-0.5932914424,2021-05-01,photo_171.png
78902778,2021-05-15 18:35:02,2021-05-15,2021-05-15 17:35:02 UTC,London,3130050,nedwards86,2021-05-15 22:09:36 UTC,2021-05-17 15:25:25 UTC,research,CC-BY-NC,https://www.inaturalist.org/observations/78902778,https://inaturalist-open-data.s3.amazonaws.com/photos/129178840/medium.jpeg,,,,2,0,False,2.0,"England, GB",51.8706414182,-0.5467331079,472.0,26132,,obscured,True,gps,gps,Red Kite,Milvus milvus,Rotmilan,Aves,5267,51.8706414182,-0.5467331079,2021-05-15,photo_172.png
79127354,2021/05/16 9:24 AM BST,2021-05-16,2021-05-16 08:24:00 UTC,Edinburgh,3805907,sallym123,2021-05-17 08:55:23 UTC,2021-05-17 09:33:59 UTC,research,CC-BY-NC,https://www.inaturalist.org/observations/79127354,https://inaturalist-open-data.s3.amazonaws.com/photos/129574096/medium.jpeg,,,,1,0,False,,"England, GB",51.5135922087,-1.0487899768,248.0,26196,,obscured,True,,,Red Kite,Milvus milvus,Rotmilan,Aves,5267,51.5135922087,-1.0487899768,2021-05-16,photo_173.png
80703831,2021-05-16 14:10:05,2021-05-16,2021-05-16 13:10:05 UTC,London,3187065,willallman,2021-05-29 08:27:48 UTC,2021-05-29 09:48:49 UTC,research,,https://www.inaturalist.org/observations/80703831,https://static.inaturalist.org/photos/132297548/medium.jpeg,,,,1,0,False,2.0,"Buckinghamshire, England, GB",51.6209620381,-0.6543116929,,26164,,obscured,True,gps,gps,Rotmilan,Milvus milvus,Rotmilan,Aves,5267,51.6209620381,-0.6543116929,2021-05-16,photo_174.png
80738185,Sat May 29 2021 16:04:22 GMT +0100 (GMT+1),2021-05-29,2021-05-29 14:04:22 UTC,Amsterdam,3738020,m4tty72,2021-05-29 15:04:32 UTC,2021-05-29 19:21:45 UTC,research,CC-BY-NC,https://www.inaturalist.org/observations/80738185,https://inaturalist-open-data.s3.amazonaws.com/photos/132355019/medium.jpeg,,,,1,0,False,333.0,"England, GB",51.5718961542,-0.9863233357,9.0,26196,,obscured,True,,,Red Kite,Milvus milvus,Rotmilan,Aves,5267,51.5718961542,-0.9863233357,2021-05-29,photo_175.png
80867480,Sun May 30 2021 08:40:46 GMT+0100 (GMT+1),2021-05-30,2021-05-30 06:40:46 UTC,Amsterdam,1475038,kevinwoo10,2021-05-30 12:31:16 UTC,2021-05-30 14:59:06 UTC,research,CC-BY-NC,https://www.inaturalist.org/observations/80867480,https://inaturalist-open-data.s3.amazonaws.com/photos/132581958/medium.jpg,,,,1,0,False,3.0,"England, GB",51.4759807233,-0.942528543,64.0,26196,,obscured,True,,,Red Kite,Milvus milvus,Rotmilan,Aves,5267,51.4759807233,-0.942528543,2021-05-30,photo_176.png
81009969,Sat May 29 2021 20:24:48 GMT+0100 (GMT+1),2021-05-29,2021-05-29 18:24:48 UTC,Amsterdam,3458318,rhysdixon,2021-05-31 09:28:52 UTC,2021-05-31 18:12:54 UTC,research,,https://www.inaturalist.org/observations/81009969,https://static.inaturalist.org/photos/132829346/medium.jpg,,,,2,0,False,3.0,"England, GB",51.553425522,-0.4939652113,4.0,26196,,obscured,True,,,Rotmilan,Milvus milvus,Rotmilan,Aves,5267,51.553425522,-0.4939652113,2021-05-29,photo_177.png
81167991,Tue Jun 01 2021 14:07:14 GMT +0100 (GMT+1),2021-06-01,2021-06-01 12:07:14 UTC,Amsterdam,4426376,frumiouspiglet,2021-06-01 13:08:18 UTC,2021-06-01 16:14:06 UTC,research,CC-BY-NC,https://www.inaturalist.org/observations/81167991,https://inaturalist-open-data.s3.amazonaws.com/photos/133108703/medium.jpg,,,,1,0,False,333.0,"Oxfordshire, England, GB",51.6373306952,-1.0068977721,86.0,26164,obscured,obscured,True,,,Red Kite,Milvus milvus,Rotmilan,Aves,5267,51.6373306952,-1.0068977721,2021-06-01,photo_178.png
81457610,2021-03-05 09:32:11,2021-03-05,2021-03-05 09:32:11 UTC,London,2514770,wildtests,2021-06-03 17:48:21 UTC,2021-06-03 18:14:13 UTC,research,,https://www.inaturalist.org/observations/81457610,https://static.inaturalist.org/photos/133612177/medium.jpeg,,,,1,0,False,2.0,"England, GB",51.8159110063,-0.7035758933,,26132,,obscured,True,gps,gps,Red Kite,Milvus milvus,Rotmilan,Aves,5267,51.8159110063,-0.7035758933,2021-03-05,photo_179.png
81750418,2021/06/05 3:08 PM BST,2021-06-05,2021-06-05 14:08:00 UTC,Edinburgh,2727560,saltwellsbirder,2021-06-05 19:12:14 UTC,2021-06-05 19:21:56 UTC,research,CC-BY-NC,https://www.inaturalist.org/observations/81750418,https://inaturalist-open-data.s3.amazonaws.com/photos/134103719/medium.jpg,,,,2,0,False,,"England, GB",51.6301116489,-0.9713878007,73.0,26164,,obscured,True,,,Red Kite,Milvus milvus,Rotmilan,Aves,5267,51.6301116489,-0.9713878007,2021-06-05,photo_180.png
81882748,Sun Jun 06 2021 17:27:57 GMT+0100 (GMT+1),2021-06-06,2021-06-06 15:27:57 UTC,Amsterdam,2635370,donalmcgurk,2021-06-06 16:31:50 UTC,2021-06-06 16:34:47 UTC,research,CC-BY-NC,https://www.inaturalist.org/observations/81882748,https://inaturalist-open-data.s3.amazonaws.com/photos/134334904/medium.jpg,,,,1,0,False,3.0,"Oxfordshire, England, GB",51.7378415938,-1.1274289743,65.0,26164,,obscured,True,,,Red Kite,Milvus milvus,Rotmilan,Aves,5267,51.7378415938,-1.1274289743,2021-06-06,photo_181.png
82083570,Sun Jun 06 2021 16:42:58 GMT+0100 (GMT+1),2021-06-06,2021-06-06 14:42:58 UTC,Amsterdam,3932137,davidfhuerta,2021-06-07 22:06:55 UTC,2021-10-07 18:25:43 UTC,research,CC-BY-NC,https://www.inaturalist.org/observations/82083570,https://inaturalist-open-data.s3.amazonaws.com/photos/134690057/medium.jpg,,,,1,0,False,3.0,"Buckinghamshire, England, GB",51.6029434906,-0.8950588956,2000.0,26164,,obscured,True,,,Red Kite,Milvus milvus,Rotmilan,Aves,5267,51.6029434906,-0.8950588956,2021-06-06,photo_182.png
82289094,2021-06-09 14:27:12,2021-06-09,2021-06-09 13:27:12 UTC,London,3130050,nedwards86,2021-06-09 13:52:42 UTC,2021-06-09 16:51:04 UTC,research,CC-BY-NC,https://www.inaturalist.org/observations/82289094,https://inaturalist-open-data.s3.amazonaws.com/photos/135045405/medium.jpeg,,,,1,0,False,2.0,"England, GB",51.8092383489,-0.4595366769,176.0,26132,,obscured,True,gps,gps,Red Kite,Milvus milvus,Rotmilan,Aves,5267,51.8092383489,-0.4595366769,2021-06-09,photo_183.png
82318541,2019-06-15 16:33:34,2019-06-15,2019-06-15 15:33:34 UTC,London,3130050,nedwards86,2021-06-09 17:45:05 UTC,2021-06-27 21:48:58 UTC,research,CC-BY-NC,https://www.inaturalist.org/observations/82318541,https://inaturalist-open-data.s3.amazonaws.com/photos/135093460/medium.jpeg,,,,2,0,False,2.0,"England, GB",51.8763668369,-0.4888967245,186.0,26132,,obscured,True,gps,gps,Red Kite,Milvus milvus,Rotmilan,Aves,5267,51.8763668369,-0.4888967245,2019-06-15,photo_184.png
82674145,2021-06-12 14:14:49,2021-06-12,2021-06-12 13:14:49 UTC,London,2514770,wildtests,2021-06-12 13:35:28 UTC,2021-06-12 21:14:38 UTC,research,,https://www.inaturalist.org/observations/82674145,https://static.inaturalist.org/photos/135713626/medium.jpeg,,,,2,0,False,2.0,"England, GB",51.8382672566,-0.7364032077,,26132,,obscured,True,gps,gps,Red Kite,Milvus milvus,Rotmilan,Aves,5267,51.8382672566,-0.7364032077,2021-06-12,photo_185.png
82868292,2021-06-13 17:44:41,2021-06-13,2021-06-13 16:44:41 UTC,London,2770400,chartshorne,2021-06-13 17:09:38 UTC,2021-10-29 11:21:21 UTC,research,CC-BY-NC,https://www.inaturalist.org/observations/82868292,https://inaturalist-open-data.s3.amazonaws.com/photos/136182678/medium.jpeg,,,,1,0,False,2.0,"Oxfordshire, England, GB",51.6040243151,-1.0916529572,9.0,26164,,obscured,True,gps,gps,Red Kite,Milvus milvus milvus,,Aves,718576,51.6040243151,-1.0916529572,2021-06-13,photo_186.png
83050808,Mon Jun 14 2021 11:07:35 GMT+0100 (GMT+1),2021-06-14,2021-06-14 09:07:35 UTC,Amsterdam,4564824,kingo7,2021-06-14 20:50:19 UTC,2021-06-14 22:41:09 UTC,research,CC-BY-NC,https://www.inaturalist.org/observations/83050808,https://inaturalist-open-data.s3.amazonaws.com/photos/136365426/medium.jpg,,,,1,0,False,3.0,"Hertfordshire, England, GB",51.8746862245,-0.554225844,22.0,26132,,obscured,True,,,Red Kite,Milvus milvus,Rotmilan,Aves,5267,51.8746862245,-0.554225844,2021-06-14,photo_187.png
83307896,2021/06/16 2:01 PM BST,2021-06-16,2021-06-16 13:01:00 UTC,Edinburgh,3024048,pilmar,2021-06-16 20:37:04 UTC,2021-06-22 21:13:46 UTC,research,CC-BY-NC,https://www.inaturalist.org/observations/83307896,https://inaturalist-open-data.s3.amazonaws.com/photos/136808783/medium.jpg,,,,2,0,False,,"England, GB",51.7962859517,-0.7836775231,1784.0,26164,,obscured,True,,,Rotmilan,Milvus milvus,Rotmilan,Aves,5267,51.7962859517,-0.7836775231,2021-06-16,photo_188.png
83560265,2021/06/12 3:06 PM BST,2021-06-12,2021-06-12 14:06:00 UTC,London,4199621,y_liu_math,2021-06-18 22:00:04 UTC,2021-06-21 15:11:14 UTC,research,CC-BY,https://www.inaturalist.org/observations/83560265,https://inaturalist-open-data.s3.amazonaws.com/photos/137248351/medium.jpeg,,,,3,0,False,,"England, GB",51.7489013473,-0.8748449332,1572.0,26164,,obscured,True,,,Red Kite,Milvus milvus milvus,,Aves,718576,51.7489013473,-0.8748449332,2021-06-12,photo_189.png
83631812,Sat Jun 19 2021 14:38:25 GMT+0100 (GMT+1),2021-06-19,2021-06-19 12:38:25 UTC,Amsterdam,3932137,davidfhuerta,2021-06-19 13:44:29 UTC,2021-10-07 18:25:43 UTC,research,CC-BY-NC,https://www.inaturalist.org/observations/83631812,https://inaturalist-open-data.s3.amazonaws.com/photos/137374701/medium.jpg,,,,1,0,False,3.0,"England, GB",51.5421134344,-0.7814728554,28.0,26196,,obscured,True,,,Milan royal,Milvus milvus,Rotmilan,Aves,5267,51.5421134344,-0.7814728554,2021-06-19,photo_190.png
83711969,2021/06/19 12:52 PM BST,2021-06-19,2021-06-19 11:52:00 UTC,Edinburgh,3024048,pilmar,2021-06-19 23:12:38 UTC,2021-06-22 21:13:21 UTC,research,CC-BY-NC,https://www.inaturalist.org/observations/83711969,https://inaturalist-open-data.s3.amazonaws.com/photos/137509910/medium.jpg,,,,2,0,False,,"England, GB",51.4785781639,-0.892038851,1546.0,26196,,obscured,True,,,Red Kite,Milvus milvus,Rotmilan,Aves,5267,51.4785781639,-0.892038851,2021-06-19,photo_191.png
83764819,2021/06/19 5:48 AM MSK,2021-06-19,2021-06-19 02:48:00 UTC,Moscow,3955962,devsnice,2021-06-20 11:10:20 UTC,2021-06-20 11:16:27 UTC,research,CC-BY-NC,https://www.inaturalist.org/observations/83764819,https://inaturalist-open-data.s3.amazonaws.com/photos/137602180/medium.jpg,,,,2,0,False,,"England, GB",51.5716945954,-0.7594389184,111.0,26196,,obscured,True,,,Red Kite,Milvus milvus,Rotmilan,Aves,5267,51.5716945954,-0.7594389184,2021-06-19,photo_192.png
85515809,2021-07-03 13:47:12,2021-07-03,2021-07-03 12:47:12 UTC,London,3130050,nedwards86,2021-07-03 19:46:27 UTC,2021-07-06 12:24:12 UTC,research,CC-BY-NC,https://www.inaturalist.org/observations/85515809,https://inaturalist-open-data.s3.amazonaws.com/photos/140710490/medium.jpeg,,,,1,0,False,2.0,"England, GB",51.8898217144,-0.4379881723,67.0,26132,,obscured,True,gps,gps,Milan royal,Milvus milvus,Rotmilan,Aves,5267,51.8898217144,-0.4379881723,2021-07-03,photo_193.png
85949381,2021-07-06 17:00:15,2021-07-06,2021-07-06 16:00:15 UTC,London,3130050,nedwards86,2021-07-06 19:31:52 UTC,2021-07-06 21:57:26 UTC,research,CC-BY-NC,https://www.inaturalist.org/observations/85949381,https://inaturalist-open-data.s3.amazonaws.com/photos/141505556/medium.jpeg,,,,1,0,False,2.0,"England, GB",51.8836150601,-0.5214815063,56.0,26132,,obscured,True,gps,gps,Red Kite,Milvus milvus,Rotmilan,Aves,5267,51.8836150601,-0.5214815063,2021-07-06,photo_194.png
86363445,2014/02/12 5:28 PM GMT,2014-02-12,2014-02-12 17:28:00 UTC,London,3320,danielaustin,2021-07-10 03:25:31 UTC,2021-07-10 10:26:40 UTC,research,,https://www.inaturalist.org/observations/86363445,https://static.inaturalist.org/photos/142262708/medium.jpg,,,,1,0,False,,"England, GB",51.7788592723,-0.5111227916,61.0,26164,,obscured,True,,,Milano real,Milvus milvus,Rotmilan,Aves,5267,51.7788592723,-0.5111227916,2014-02-12,photo_195.png
88551008,2021-07-15 18:11:00,2021-07-15,2021-07-15 18:11:00 UTC,UTC,781344,courtney73,2021-07-25 15:18:09 UTC,2021-09-29 23:04:39 UTC,research,,https://www.inaturalist.org/observations/88551008,https://static.inaturalist.org/photos/146113694/medium.jpeg,,,,1,0,False,2.0,"England, GB",51.5736028815,-0.7926901073,3803.0,26196,,obscured,True,,,Red Kite,Milvus milvus,Rotmilan,Aves,5267,51.5736028815,-0.7926901073,2021-07-15,photo_196.png
89920319,Mon May 03 2021 12:18:41 GMT+0300 (GMT+3),2021-05-03,2021-05-03 09:18:41 UTC,Baghdad,4806718,kcrinyion,2021-08-04 16:20:03 UTC,2021-08-04 18:47:10 UTC,research,CC-BY-NC,https://www.inaturalist.org/observations/89920319,https://inaturalist-open-data.s3.amazonaws.com/photos/148542593/medium.jpg,,,,1,0,False,3.0,"Buckinghamshire, England, GB",51.740983048,-0.6974809094,15.0,26164,,obscured,True,,,Red Kite,Milvus milvus,Rotmilan,Aves,5267,51.740983048,-0.6974809094,2021-05-03,photo_197.png
91830618,Tue Jul 27 2021 11:07:27 GMT+0100 (GMT+1),2021-07-27,2021-07-27 09:07:27 UTC,Amsterdam,4887992,general__kenobi,2021-08-20 10:07:48 UTC,2021-08-21 08:44:39 UTC,research,,https://www.inaturalist.org/observations/91830618,https://static.inaturalist.org/photos/151961590/medium.jpg,,,,1,0,False,3.0,"England, GB",51.4779933162,-0.8029338745,29959.0,29959,,obscured,True,,,Red Kite,Milvus milvus,Rotmilan,Aves,5267,51.4779933162,-0.8029338745,2021-07-27,photo_198.png
